"Run 1: Time (min)","Run 1: Temperature (°F)","Run 1: Temperature (°F)","Run 2: Time (min)","Run 2: Temperature (°F)","Run 2: Temperature (°F)","Run 3: Time (min)","Run 3: Temperature (°F)","Run 3: Temperature (°F)","Run 4: Time (min)","Run 4: Temperature (°F)","Run 4: Temperature (°F)"
0.00,71.3,71.1,0.00,71.0,71.3,0.00,71.1,71.3,0.00,81.3,81.9
0.02,71.3,70.9,0.02,70.9,71.1,0.02,71.0,71.2,0.02,81.3,81.8
0.03,71.3,70.9,0.03,70.9,71.1,0.03,71.0,71.2,0.03,81.3,81.9
0.05,71.3,70.9,0.05,71.0,71.1,0.05,71.0,71.1,0.05,81.3,81.9
0.07,71.3,70.8,0.07,71.0,71.1,0.07,71.0,71.2,0.07,81.3,81.9
0.08,71.2,70.8,0.08,71.0,71.1,0.08,71.0,71.2,0.08,81.3,81.9
0.10,71.3,70.9,0.10,71.0,71.1,0.10,71.0,71.2,0.10,81.3,81.9
0.12,71.2,70.9,0.12,71.0,71.2,0.12,71.0,71.2,0.12,81.3,81.9
0.13,71.3,70.8,0.13,71.0,71.2,0.13,71.0,71.2,0.13,81.3,81.9
0.15,71.3,70.9,0.15,71.0,71.2,0.15,71.0,71.2,0.15,81.3,81.9
0.17,71.3,70.9,0.17,71.0,71.1,0.17,71.0,71.1,0.17,81.3,81.9
0.18,71.3,71.0,0.18,71.0,71.2,0.18,71.0,71.2,0.18,81.3,81.9
0.20,71.4,71.0,0.20,71.0,71.2,0.20,71.0,71.2,0.20,81.3,81.9
0.22,71.3,70.9,0.22,71.0,71.2,0.22,71.0,71.2,0.22,81.3,81.9
0.23,71.3,71.0,0.23,71.0,71.2,0.23,71.0,71.2,0.23,81.3,81.9
0.25,71.3,71.0,0.25,71.0,71.2,0.25,71.0,71.2,0.25,81.3,82.0
0.27,71.3,71.0,0.27,71.0,71.2,0.27,71.0,71.3,0.27,81.4,82.0
0.28,71.3,71.0,0.28,71.0,71.2,0.28,70.9,71.3,0.28,81.4,82.0
0.30,71.3,71.0,0.30,71.0,71.2,0.30,71.0,71.2,0.30,81.4,82.0
0.32,71.3,70.9,0.32,71.0,71.2,0.32,70.9,71.3,0.32,81.4,82.0
0.33,71.3,71.0,0.33,71.0,71.3,0.33,71.0,71.3,0.33,81.4,82.0
0.35,71.3,71.0,0.35,71.0,71.3,0.35,71.0,71.3,0.35,81.4,82.0
0.37,71.3,71.0,0.37,71.0,71.3,0.37,71.0,71.3,0.37,81.4,82.0
0.38,71.3,71.0,,,,0.38,71.0,71.4,0.38,81.4,82.0
0.40,71.3,71.0,,,,0.40,71.0,71.4,0.40,81.4,82.0
0.42,71.3,71.0,,,,0.42,71.1,71.4,0.42,81.4,82.0
0.43,71.3,71.0,,,,0.43,71.1,71.4,0.43,81.4,82.0
0.45,71.4,71.0,,,,0.45,71.1,71.4,0.45,81.5,82.0
0.47,71.3,71.0,,,,0.47,71.1,71.5,0.47,81.4,82.0
0.48,71.4,71.0,,,,0.48,71.2,71.5,0.48,81.4,82.0
0.50,71.4,71.1,,,,0.50,71.2,71.5,0.50,81.5,82.0
0.52,71.4,71.0,,,,0.52,71.2,71.5,0.52,81.5,82.0
0.53,71.4,71.0,,,,0.53,71.3,71.6,0.53,81.5,82.0
0.55,71.4,71.1,,,,0.55,71.3,71.6,0.55,81.5,82.0
0.57,71.4,71.0,,,,0.57,71.3,71.7,0.57,81.5,82.0
0.58,71.4,71.0,,,,0.58,71.4,71.7,0.58,81.5,82.1
0.60,71.3,71.0,,,,0.60,71.4,71.7,0.60,81.5,82.1
0.62,71.4,71.0,,,,0.62,71.4,71.7,0.62,81.5,82.1
0.63,71.4,71.0,,,,0.63,71.4,71.7,0.63,81.5,82.1
0.65,71.4,71.0,,,,0.65,71.4,71.7,0.65,81.6,82.1
0.67,71.3,71.0,,,,0.67,71.4,71.7,0.67,81.6,82.1
0.68,71.3,71.0,,,,0.68,71.4,71.6,0.68,81.6,82.1
0.70,71.3,70.9,,,,0.70,71.3,71.6,0.70,81.6,82.1
0.72,71.3,70.9,,,,0.72,71.3,71.6,0.72,81.6,82.1
0.73,71.3,71.0,,,,0.73,71.3,71.6,0.73,81.6,82.1
0.75,71.3,71.0,,,,0.75,71.3,71.6,0.75,81.6,82.1
0.77,71.3,70.9,,,,0.77,71.3,71.6,0.77,81.6,82.1
0.78,71.3,70.9,,,,0.78,71.3,71.6,0.78,81.6,82.1
0.80,71.3,71.0,,,,0.80,71.3,71.6,0.80,81.6,82.1
0.82,71.3,71.0,,,,0.82,71.3,71.5,0.82,81.6,82.1
0.83,71.3,70.9,,,,0.83,71.3,71.5,0.83,81.6,82.1
0.85,71.3,71.0,,,,0.85,71.2,71.4,0.85,81.6,82.1
0.87,71.3,70.9,,,,0.87,71.2,71.5,0.87,81.6,82.1
0.88,71.3,71.0,,,,0.88,71.2,71.5,0.88,81.6,82.1
0.90,71.3,71.0,,,,0.90,71.2,71.5,0.90,81.6,82.1
0.92,71.3,71.0,,,,0.92,71.2,71.5,0.92,81.6,82.1
0.93,71.4,71.0,,,,0.93,71.1,71.5,0.93,81.6,82.1
0.95,71.3,71.0,,,,0.95,71.2,71.4,0.95,81.6,82.1
0.97,71.3,71.0,,,,0.97,71.2,71.5,0.97,81.6,82.1
0.98,71.3,71.0,,,,0.98,71.3,71.5,0.98,81.6,82.1
1.00,71.3,71.0,,,,1.00,71.2,71.5,1.00,81.7,82.1
1.02,71.3,71.0,,,,1.02,71.3,71.5,1.02,81.7,82.1
1.03,71.3,71.0,,,,1.03,71.2,71.5,1.03,81.7,82.1
1.05,71.3,71.0,,,,1.05,71.2,71.5,1.05,81.7,82.2
1.07,71.4,71.0,,,,1.07,71.2,71.5,1.07,81.7,82.2
1.08,71.3,71.0,,,,1.08,71.2,71.5,1.08,81.7,82.2
1.10,71.3,71.0,,,,1.10,71.2,71.5,1.10,81.7,82.2
1.12,71.3,71.0,,,,1.12,71.2,71.5,1.12,81.7,82.2
1.13,71.3,71.0,,,,1.13,71.2,71.5,1.13,81.7,82.2
1.15,71.3,71.0,,,,1.15,71.2,71.5,1.15,81.7,82.2
1.17,71.4,71.0,,,,1.17,71.2,71.5,1.17,81.7,82.2
1.18,71.3,71.0,,,,1.18,71.2,71.5,1.18,81.7,82.2
1.20,71.3,71.0,,,,1.20,71.2,71.5,1.20,81.7,82.2
1.22,71.3,71.0,,,,1.22,71.2,71.5,1.22,81.7,82.2
1.23,71.3,71.0,,,,1.23,71.2,71.5,1.23,81.7,82.2
1.25,71.3,71.0,,,,1.25,71.2,71.5,1.25,81.7,82.2
1.27,71.4,70.9,,,,1.27,71.2,71.5,1.27,81.7,82.3
1.28,71.4,70.9,,,,1.28,71.2,71.5,1.28,81.7,82.2
1.30,71.4,70.9,,,,1.30,71.2,71.5,1.30,81.7,82.2
1.32,71.4,71.0,,,,1.32,71.2,71.4,1.32,81.7,82.2
1.33,71.4,71.0,,,,1.33,71.2,71.4,1.33,81.7,82.2
1.35,71.3,71.0,,,,1.35,71.2,71.4,1.35,81.7,82.2
1.37,71.4,71.0,,,,1.37,71.1,71.4,1.37,81.7,82.2
1.38,71.3,71.0,,,,1.38,71.2,71.4,1.38,81.7,82.2
1.40,71.3,70.9,,,,1.40,71.2,71.4,1.40,81.8,82.2
1.42,71.3,70.9,,,,1.42,71.1,71.4,1.42,81.7,82.2
1.43,71.3,70.9,,,,1.43,71.2,71.4,1.43,81.8,82.3
1.45,71.3,70.9,,,,1.45,71.1,71.4,1.45,81.8,82.2
1.47,71.3,70.9,,,,1.47,71.1,71.4,1.47,81.8,82.2
1.48,71.3,70.9,,,,1.48,71.1,71.4,1.48,81.8,82.2
1.50,71.3,70.9,,,,1.50,71.1,71.3,1.50,81.8,82.2
1.52,71.3,70.9,,,,1.52,71.1,71.4,1.52,81.8,82.2
1.53,71.3,70.9,,,,1.53,71.1,71.3,1.53,81.8,82.2
1.55,71.3,70.9,,,,1.55,71.1,71.4,1.55,81.8,82.2
1.57,71.3,70.9,,,,1.57,71.1,71.4,1.57,81.8,82.2
1.58,71.3,70.9,,,,1.58,71.1,71.4,1.58,81.8,82.3
1.60,71.3,70.9,,,,1.60,71.1,71.4,1.60,81.8,82.2
1.62,71.3,70.9,,,,1.62,71.2,71.4,1.62,81.8,82.3
1.63,71.3,70.9,,,,1.63,71.1,71.4,1.63,81.8,82.2
1.65,71.3,70.9,,,,1.65,71.1,71.4,1.65,81.8,82.2
1.67,71.1,70.8,,,,1.67,71.1,71.4,1.67,81.8,82.2
1.68,71.2,70.9,,,,1.68,71.1,71.4,1.68,81.8,82.1
1.70,71.2,70.8,,,,1.70,71.1,71.4,1.70,81.8,82.1
1.72,71.2,70.8,,,,1.72,71.2,71.5,1.72,81.8,82.1
1.73,71.2,70.9,,,,1.73,71.1,71.4,1.73,81.8,82.1
1.75,71.2,70.9,,,,1.75,71.1,71.4,1.75,81.8,82.1
1.77,71.2,70.9,,,,1.77,71.2,71.4,1.77,81.8,82.1
1.78,71.3,70.9,,,,1.78,71.2,71.4,1.78,81.7,82.1
1.80,71.3,70.9,,,,1.80,71.2,71.5,1.80,81.7,82.1
1.82,71.3,70.9,,,,1.82,71.2,71.4,1.82,81.7,82.1
1.83,71.3,70.9,,,,1.83,71.2,71.4,1.83,81.7,82.1
1.85,71.3,70.9,,,,1.85,71.3,71.4,1.85,81.7,82.1
1.87,71.3,70.9,,,,1.87,71.2,71.4,1.87,81.7,82.1
1.88,71.3,70.9,,,,1.88,71.3,71.4,1.88,81.7,82.1
1.90,71.3,70.9,,,,1.90,71.1,71.4,1.90,81.7,82.1
1.92,71.3,71.0,,,,1.92,71.2,71.4,1.92,81.7,82.1
1.93,71.3,71.0,,,,1.93,71.2,71.4,1.93,81.8,82.1
1.95,71.3,71.0,,,,1.95,71.2,71.4,1.95,81.7,82.1
1.97,71.3,70.9,,,,1.97,71.2,71.4,1.97,81.7,82.1
1.98,71.3,70.9,,,,1.98,71.2,71.4,1.98,81.7,82.1
2.00,71.3,70.9,,,,2.00,71.1,71.4,2.00,81.7,82.1
2.02,71.4,71.0,,,,2.02,71.2,71.4,2.02,81.8,82.1
2.03,71.4,71.0,,,,2.03,71.1,71.4,2.03,81.8,82.1
2.05,71.4,71.0,,,,2.05,71.1,71.4,2.05,81.7,82.1
2.07,71.4,71.1,,,,2.07,71.1,71.3,2.07,81.7,82.1
2.08,71.4,71.1,,,,2.08,71.1,71.3,2.08,81.8,82.1
2.10,71.4,71.1,,,,2.10,71.1,71.3,2.10,81.8,82.1
2.12,71.3,71.0,,,,2.12,71.1,71.4,2.12,81.8,82.1
2.13,71.3,71.0,,,,2.13,71.1,71.4,2.13,81.8,82.1
2.15,71.3,71.0,,,,2.15,71.1,71.4,2.15,81.7,82.1
2.17,71.3,71.0,,,,2.17,71.1,71.4,2.17,81.8,82.1
2.18,71.3,71.0,,,,2.18,71.2,71.4,2.18,81.8,82.1
2.20,71.3,71.0,,,,2.20,71.1,71.4,2.20,81.8,82.1
2.22,71.3,71.0,,,,2.22,71.1,71.4,2.22,81.8,82.1
2.23,71.3,70.9,,,,2.23,71.1,71.4,2.23,81.8,82.1
2.25,71.3,70.9,,,,2.25,71.1,71.4,2.25,81.8,82.1
2.27,71.3,70.9,,,,2.27,71.1,71.4,2.27,81.8,82.1
2.28,71.3,70.9,,,,2.28,71.1,71.4,2.28,81.8,82.1
2.30,71.3,70.9,,,,2.30,71.1,71.4,2.30,81.8,82.1
2.32,71.3,70.9,,,,2.32,71.1,71.4,2.32,81.8,82.1
2.33,71.3,70.9,,,,2.33,71.1,71.3,2.33,81.8,82.1
2.35,71.3,70.9,,,,2.35,71.1,71.3,2.35,81.8,82.2
2.37,71.3,70.9,,,,2.37,71.1,71.4,2.37,81.8,82.2
2.38,71.3,70.9,,,,2.38,71.1,71.4,2.38,81.8,82.2
2.40,71.3,70.9,,,,2.40,71.1,71.4,2.40,81.9,82.2
2.42,71.3,70.9,,,,2.42,71.1,71.4,2.42,81.9,82.2
2.43,71.3,70.9,,,,2.43,71.1,71.4,2.43,81.9,82.2
2.45,71.3,70.9,,,,2.45,71.1,71.4,2.45,81.9,82.3
2.47,71.3,70.9,,,,2.47,71.1,71.4,2.47,81.9,82.2
2.48,71.3,70.9,,,,2.48,71.1,71.4,2.48,81.9,82.3
2.50,71.2,70.8,,,,2.50,71.1,71.4,2.50,81.9,82.3
2.52,71.3,70.9,,,,2.52,71.1,71.4,2.52,81.9,82.3
2.53,71.3,70.9,,,,2.53,71.1,71.4,2.53,81.9,82.3
2.55,71.3,70.9,,,,2.55,71.1,71.4,2.55,81.9,82.3
2.57,71.1,70.9,,,,2.57,71.1,71.4,2.57,81.9,82.3
2.58,71.1,70.9,,,,2.58,71.1,71.4,2.58,81.9,82.4
2.60,71.2,70.9,,,,2.60,71.1,71.4,2.60,81.9,82.4
2.62,71.3,70.9,,,,2.62,71.1,71.4,2.62,81.9,82.4
2.63,71.2,70.9,,,,2.63,71.1,71.4,2.63,81.9,82.4
2.65,71.3,70.9,,,,2.65,71.1,71.4,2.65,81.9,82.4
2.67,71.3,71.0,,,,2.67,71.1,71.3,2.67,81.9,82.4
2.68,71.3,71.0,,,,2.68,71.1,71.4,2.68,81.9,82.4
2.70,71.3,71.0,,,,2.70,71.1,71.3,2.70,81.9,82.4
2.72,71.3,70.9,,,,2.72,71.1,71.4,2.72,81.9,82.4
2.73,71.3,71.0,,,,2.73,71.1,71.5,2.73,81.9,82.4
2.75,71.3,70.9,,,,2.75,71.1,71.5,2.75,81.9,82.4
2.77,71.3,71.0,,,,2.77,71.1,71.5,2.77,81.9,82.4
2.78,71.3,70.9,,,,2.78,71.1,71.5,2.78,82.0,82.4
2.80,71.3,71.0,,,,2.80,71.1,71.5,2.80,81.9,82.4
2.82,71.3,71.0,,,,2.82,71.1,71.5,2.82,82.0,82.4
2.83,71.3,70.9,,,,2.83,71.1,71.5,2.83,82.0,82.4
2.85,71.3,70.9,,,,2.85,71.1,71.6,2.85,81.9,82.4
2.87,71.4,71.0,,,,2.87,71.1,71.7,2.87,82.0,82.4
2.88,71.3,71.1,,,,2.88,71.1,71.8,2.88,82.0,82.4
2.90,71.3,71.0,,,,2.90,71.2,71.9,2.90,82.0,82.4
2.92,71.3,71.0,,,,2.92,71.3,72.0,2.92,82.0,82.5
2.93,71.3,71.0,,,,2.93,71.3,72.0,2.93,82.0,82.5
2.95,71.3,70.9,,,,2.95,71.4,72.1,2.95,82.0,82.5
2.97,71.3,70.9,,,,2.97,71.4,72.0,2.97,82.0,82.5
2.98,71.3,70.9,,,,2.98,71.4,72.1,2.98,82.0,82.5
3.00,71.3,70.9,,,,3.00,71.4,72.0,3.00,82.0,82.5
3.02,71.3,70.9,,,,3.02,71.4,72.0,3.02,82.0,82.5
3.03,71.3,70.9,,,,3.03,71.5,72.0,3.03,82.1,82.5
3.05,71.3,70.9,,,,3.05,71.5,72.0,3.05,82.1,82.5
3.07,71.3,70.9,,,,3.07,71.5,72.0,3.07,82.0,82.5
3.08,71.3,70.9,,,,3.08,71.5,72.0,3.08,82.1,82.5
3.10,71.3,70.9,,,,3.10,71.6,72.0,3.10,82.0,82.5
3.12,71.3,70.9,,,,3.12,71.6,72.1,3.12,82.1,82.6
3.13,71.2,70.9,,,,3.13,71.7,72.2,3.13,82.1,82.5
3.15,71.1,70.8,,,,3.15,71.7,72.4,3.15,82.0,82.5
3.17,71.1,70.8,,,,3.17,72.0,72.5,3.17,82.1,82.6
3.18,71.2,70.8,,,,3.18,72.0,72.7,3.18,82.1,82.6
3.20,71.3,70.9,,,,3.20,72.2,72.8,3.20,82.1,82.6
3.22,71.2,70.8,,,,3.22,72.3,72.9,3.22,82.1,82.6
3.23,71.2,70.9,,,,3.23,72.4,73.1,3.23,82.1,82.6
3.25,71.3,70.9,,,,3.25,72.5,73.2,3.25,82.1,82.6
3.27,71.3,70.9,,,,3.27,72.6,73.4,3.27,82.1,82.6
3.28,71.3,70.9,,,,3.28,72.8,73.5,3.28,82.1,82.6
3.30,71.3,70.9,,,,3.30,72.9,73.6,3.30,82.1,82.6
3.32,71.3,70.9,,,,3.32,73.0,73.7,3.32,82.2,82.7
3.33,71.3,71.0,,,,3.33,73.1,73.9,3.33,82.1,82.6
3.35,71.3,70.9,,,,3.35,73.2,73.9,3.35,82.1,82.6
3.37,71.3,71.0,,,,3.37,73.2,74.1,3.37,82.1,82.6
3.38,71.3,70.9,,,,3.38,73.3,74.2,3.38,82.1,82.6
3.40,71.3,71.0,,,,3.40,73.5,74.2,3.40,82.1,82.6
3.42,71.3,70.9,,,,3.42,73.5,74.4,3.42,82.1,82.6
3.43,71.3,70.9,,,,3.43,73.6,74.4,3.43,82.1,82.6
3.45,71.3,71.0,,,,3.45,73.7,74.5,3.45,82.1,82.6
3.47,71.3,71.0,,,,3.47,73.8,74.6,3.47,82.1,82.6
3.48,71.4,71.0,,,,3.48,73.8,74.7,3.48,82.1,82.6
3.50,71.4,70.9,,,,3.50,73.9,74.8,3.50,82.1,82.6
3.52,71.4,71.1,,,,3.52,74.0,74.8,3.52,82.1,82.6
3.53,71.4,71.0,,,,3.53,74.0,74.9,3.53,82.1,82.6
3.55,71.4,71.0,,,,3.55,74.1,74.9,3.55,82.2,82.6
3.57,71.3,71.0,,,,3.57,74.2,75.1,3.57,82.2,82.6
3.58,71.3,71.0,,,,3.58,74.2,75.1,3.58,82.2,82.6
3.60,71.3,70.9,,,,3.60,74.3,75.2,3.60,82.2,82.6
3.62,71.3,71.0,,,,3.62,74.4,75.2,3.62,82.2,82.6
3.63,71.3,70.9,,,,3.63,74.4,75.3,3.63,82.2,82.6
3.65,71.3,71.0,,,,3.65,74.5,75.3,3.65,82.1,82.6
3.67,71.3,70.9,,,,3.67,74.5,75.4,3.67,82.2,82.7
3.68,71.3,71.0,,,,3.68,74.6,75.4,3.68,82.2,82.6
3.70,71.3,70.9,,,,3.70,74.6,75.5,3.70,82.2,82.7
3.72,71.3,70.9,,,,3.72,74.7,75.6,3.72,82.2,82.7
3.73,71.3,70.9,,,,3.73,74.7,75.6,3.73,82.2,82.7
3.75,71.3,70.9,,,,3.75,74.7,75.6,3.75,82.2,82.7
3.77,71.3,70.9,,,,3.77,74.8,75.7,3.77,82.2,82.7
3.78,71.3,70.9,,,,3.78,74.9,75.7,3.78,82.2,82.7
3.80,71.3,71.0,,,,3.80,74.9,75.7,3.80,82.2,82.7
3.82,71.3,70.9,,,,3.82,75.0,75.8,3.82,82.2,82.7
3.83,71.3,70.9,,,,3.83,75.0,75.9,3.83,82.2,82.7
3.85,71.3,70.9,,,,3.85,75.0,75.9,3.85,82.2,82.7
3.87,71.3,70.9,,,,3.87,75.1,75.9,3.87,82.2,82.7
3.88,71.3,70.9,,,,3.88,75.1,75.9,3.88,82.2,82.7
3.90,71.3,70.9,,,,3.90,75.1,76.0,3.90,82.2,82.7
3.92,71.3,70.9,,,,3.92,75.2,76.0,3.92,82.2,82.7
3.93,71.3,70.9,,,,3.93,75.2,76.1,3.93,82.2,82.7
3.95,71.3,70.9,,,,3.95,75.3,76.1,3.95,82.3,82.8
3.97,71.3,70.9,,,,3.97,75.3,76.2,3.97,82.3,82.7
3.98,71.3,70.9,,,,3.98,75.3,76.2,3.98,82.3,82.7
4.00,71.3,70.9,,,,4.00,75.4,76.2,4.00,82.3,82.7
4.02,71.2,70.9,,,,4.02,75.4,76.2,4.02,82.3,82.7
4.03,71.2,70.9,,,,4.03,75.4,76.3,4.03,82.3,82.7
4.05,71.3,70.9,,,,4.05,75.5,76.3,4.05,82.3,82.8
4.07,71.3,70.9,,,,4.07,75.5,76.4,4.07,82.3,82.8
4.08,71.3,70.9,,,,4.08,75.6,76.4,4.08,82.3,82.7
4.10,71.2,70.9,,,,4.10,75.6,76.5,4.10,82.3,82.7
4.12,71.3,70.9,,,,4.12,75.6,76.5,4.12,82.3,82.8
4.13,71.2,70.8,,,,4.13,75.7,76.5,4.13,82.3,82.8
4.15,71.1,70.9,,,,4.15,75.7,76.5,4.15,82.3,82.8
4.17,71.2,70.9,,,,4.17,75.7,76.6,4.17,82.3,82.8
4.18,71.2,70.8,,,,4.18,75.7,76.6,4.18,82.3,82.8
4.20,71.2,70.8,,,,4.20,75.8,76.6,4.20,82.3,82.8
4.22,71.2,70.8,,,,4.22,75.8,76.6,4.22,82.3,82.8
4.23,71.2,70.9,,,,4.23,75.9,76.7,4.23,82.3,82.8
4.25,71.2,70.9,,,,4.25,75.9,76.8,4.25,82.3,82.8
4.27,71.2,70.9,,,,4.27,75.9,76.8,4.27,82.3,82.8
4.28,71.2,70.9,,,,4.28,75.9,76.8,4.28,82.3,82.8
4.30,71.2,70.9,,,,4.30,76.0,76.8,4.30,82.3,82.8
4.32,71.2,70.9,,,,4.32,76.0,76.9,4.32,82.3,82.8
4.33,71.2,70.9,,,,4.33,76.0,76.9,4.33,82.3,82.8
4.35,71.1,70.9,,,,4.35,76.0,76.9,4.35,82.3,82.8
4.37,71.3,70.9,,,,4.37,76.1,76.9,4.37,82.3,82.8
4.38,71.3,71.0,,,,4.38,76.1,77.0,4.38,82.3,82.8
4.40,71.3,71.0,,,,4.40,76.1,77.0,4.40,82.2,82.8
4.42,71.3,70.9,,,,4.42,76.1,77.0,4.42,82.2,82.7
4.43,71.3,70.9,,,,4.43,76.2,77.1,4.43,82.2,82.7
4.45,71.3,70.9,,,,4.45,76.2,77.1,4.45,82.2,82.7
4.47,71.3,71.0,,,,4.47,76.2,77.1,4.47,82.2,82.7
4.48,71.3,71.0,,,,4.48,76.2,77.1,4.48,82.2,82.7
4.50,71.3,71.0,,,,4.50,76.3,77.1,4.50,82.2,82.7
4.52,71.3,71.0,,,,4.52,76.3,77.2,4.52,82.2,82.7
4.53,71.3,71.0,,,,4.53,76.3,77.2,4.53,82.2,82.7
4.55,71.3,71.1,,,,4.55,76.3,77.2,4.55,82.1,82.7
4.57,71.3,71.0,,,,4.57,76.4,77.3,4.57,82.1,82.7
4.58,71.3,71.0,,,,4.58,76.4,77.3,4.58,82.1,82.7
4.60,71.3,71.0,,,,4.60,76.4,77.3,4.60,82.1,82.7
4.62,71.3,71.0,,,,4.62,76.5,77.3,4.62,82.1,82.7
4.63,71.3,71.0,,,,4.63,76.5,77.4,4.63,82.1,82.7
4.65,71.3,71.0,,,,4.65,76.5,77.4,4.65,82.1,82.7
4.67,71.3,71.0,,,,4.67,76.5,77.4,4.67,82.1,82.7
4.68,71.3,71.0,,,,4.68,76.5,77.4,4.68,82.1,82.7
4.70,71.3,70.9,,,,4.70,76.6,77.4,4.70,82.1,82.7
4.72,71.3,70.9,,,,4.72,76.6,77.5,4.72,82.1,82.7
4.73,71.2,70.9,,,,4.73,76.6,77.5,4.73,82.1,82.7
4.75,71.3,70.9,,,,4.75,76.6,77.5,4.75,82.1,82.7
4.77,71.3,70.9,,,,4.77,76.6,77.5,4.77,82.1,82.7
4.78,71.2,70.9,,,,4.78,76.7,77.6,4.78,82.1,82.7
4.80,71.2,70.9,,,,4.80,76.7,77.6,4.80,82.0,82.8
4.82,71.2,70.9,,,,4.82,76.7,77.6,4.82,82.1,82.7
4.83,71.1,70.9,,,,4.83,76.8,77.6,4.83,82.0,82.7
4.85,71.2,70.9,,,,4.85,76.8,77.6,4.85,82.0,82.7
4.87,71.2,70.9,,,,4.87,76.8,77.7,4.87,82.0,82.7
4.88,71.2,70.9,,,,4.88,76.8,77.8,4.88,82.0,82.7
4.90,71.2,70.9,,,,4.90,76.8,77.8,4.90,82.0,82.7
4.92,71.3,70.9,,,,4.92,76.8,77.8,4.92,82.0,82.7
4.93,71.3,70.9,,,,4.93,76.8,77.8,4.93,82.0,82.6
4.95,71.3,71.0,,,,4.95,76.8,77.8,4.95,81.9,82.7
4.97,71.3,70.9,,,,4.97,76.9,77.9,4.97,82.0,82.6
4.98,71.3,71.0,,,,4.98,76.9,77.9,4.98,82.0,82.6
5.00,71.3,70.9,,,,5.00,76.9,77.9,5.00,81.9,82.6
5.02,71.3,71.0,,,,5.02,77.0,78.0,5.02,81.9,82.6
5.03,71.3,70.9,,,,5.03,77.0,78.0,5.03,81.9,82.6
5.05,71.3,71.0,,,,5.05,77.0,78.0,5.05,81.9,82.6
5.07,71.3,71.0,,,,5.07,77.0,78.0,5.07,81.9,82.6
5.08,71.3,71.0,,,,5.08,77.0,78.0,5.08,81.9,82.6
5.10,71.3,71.0,,,,5.10,77.0,78.0,5.10,81.9,82.5
5.12,71.3,71.0,,,,5.12,77.1,78.0,5.12,81.9,82.5
5.13,71.3,71.0,,,,5.13,77.1,78.0,5.13,81.9,82.5
5.15,71.3,71.1,,,,5.15,77.1,78.0,5.15,81.9,82.5
5.17,71.3,71.0,,,,5.17,77.1,78.1,5.17,81.9,82.5
5.18,71.3,71.0,,,,5.18,77.1,78.1,5.18,81.9,82.5
5.20,71.3,71.0,,,,5.20,77.1,78.1,5.20,81.9,82.5
5.22,71.3,71.0,,,,5.22,77.1,78.1,5.22,81.9,82.5
5.23,71.3,71.0,,,,5.23,77.1,78.2,5.23,81.9,82.5
5.25,71.3,70.9,,,,5.25,77.2,78.2,5.25,81.9,82.5
5.27,71.3,70.9,,,,5.27,77.2,78.2,5.27,81.9,82.5
5.28,71.3,70.9,,,,5.28,77.2,78.2,5.28,81.9,82.5
5.30,71.2,70.9,,,,5.30,77.3,78.2,5.30,81.9,82.5
5.32,71.2,71.0,,,,5.32,77.3,78.3,5.32,81.9,82.5
5.33,71.2,70.9,,,,5.33,77.4,78.3,5.33,81.9,82.5
5.35,71.2,70.9,,,,5.35,77.4,78.3,5.35,81.9,82.5
5.37,71.2,70.9,,,,5.37,77.4,78.3,5.37,81.9,82.5
5.38,71.2,70.9,,,,5.38,77.4,78.3,5.38,81.9,82.5
5.40,71.2,70.9,,,,5.40,77.5,78.3,5.40,81.9,82.4
5.42,71.2,70.9,,,,5.42,77.5,78.3,5.42,81.9,82.5
5.43,71.2,70.9,,,,5.43,77.5,78.4,5.43,81.9,82.5
5.45,71.2,70.9,,,,5.45,77.6,78.4,5.45,81.9,82.4
5.47,71.1,70.8,,,,5.47,77.6,78.4,5.47,81.9,82.5
5.48,71.2,70.9,,,,5.48,77.6,78.4,5.48,81.9,82.4
5.50,71.1,70.9,,,,5.50,77.6,78.4,5.50,81.9,82.5
5.52,71.2,70.9,,,,5.52,77.6,78.5,5.52,81.9,82.5
5.53,71.1,70.9,,,,5.53,77.6,78.5,5.53,81.8,82.5
5.55,71.1,70.9,,,,5.55,77.6,78.5,5.55,81.9,82.4
5.57,71.2,70.9,,,,5.57,77.7,78.5,5.57,81.8,82.5
5.58,71.2,70.9,,,,5.58,77.7,78.5,5.58,81.8,82.4
5.60,71.2,71.0,,,,5.60,77.7,78.6,5.60,81.9,82.4
5.62,71.2,70.9,,,,5.62,77.7,78.6,5.62,81.8,82.4
5.63,71.2,70.9,,,,5.63,77.7,78.6,5.63,81.8,82.4
5.65,71.3,71.0,,,,5.65,77.7,78.6,5.65,81.8,82.4
5.67,71.2,70.9,,,,5.67,77.8,78.6,5.67,81.8,82.4
5.68,71.2,71.0,,,,5.68,77.8,78.6,5.68,81.8,82.4
5.70,71.2,70.9,,,,5.70,77.8,78.6,5.70,81.7,82.3
5.72,71.2,70.9,,,,5.72,77.8,78.7,5.72,81.4,82.0
5.73,71.2,70.9,,,,5.73,77.8,78.6,5.73,81.3,81.6
5.75,71.3,70.9,,,,5.75,77.8,78.7,5.75,81.0,81.2
5.77,71.2,71.0,,,,5.77,77.8,78.7,5.77,80.8,81.0
5.78,71.2,70.9,,,,5.78,77.9,78.7,5.78,80.6,80.7
5.80,71.3,71.0,,,,5.80,77.9,78.7,5.80,80.4,80.7
5.82,71.3,71.0,,,,5.82,77.9,78.7,5.82,80.3,80.6
5.83,71.3,71.1,,,,5.83,77.9,78.7,5.83,80.2,80.6
5.85,71.3,71.1,,,,5.85,77.9,78.8,5.85,80.2,80.7
5.87,71.2,71.0,,,,5.87,78.0,78.8,5.87,80.2,80.7
5.88,71.3,71.0,,,,5.88,78.0,78.8,5.88,80.2,80.7
5.90,71.3,71.0,,,,5.90,78.0,78.8,5.90,80.3,80.9
5.92,71.3,70.9,,,,5.92,78.0,78.8,5.92,80.4,80.9
5.93,71.2,70.9,,,,5.93,78.0,78.8,5.93,80.4,81.0
5.95,71.2,70.9,,,,5.95,78.0,78.9,5.95,80.4,81.2
5.97,71.2,70.9,,,,5.97,78.0,78.9,5.97,80.5,81.2
5.98,71.2,71.0,,,,5.98,78.0,78.9,5.98,80.6,81.3
6.00,71.2,70.9,,,,6.00,78.0,78.9,6.00,80.6,81.4
6.02,71.2,70.9,,,,6.02,78.0,78.9,6.02,80.7,81.5
6.03,71.2,70.9,,,,6.03,78.1,78.9,6.03,80.7,81.5
6.05,71.2,71.0,,,,6.05,78.1,78.9,6.05,80.7,81.6
6.07,71.2,70.9,,,,6.07,78.1,78.9,6.07,80.8,81.6
6.08,71.1,70.9,,,,6.08,78.1,78.9,6.08,80.9,81.7
6.10,71.1,70.8,,,,6.10,78.1,79.0,6.10,80.9,81.7
6.12,71.1,70.8,,,,6.12,78.1,79.0,6.12,81.0,81.8
6.13,71.0,70.9,,,,6.13,78.2,79.0,6.13,81.0,81.8
6.15,71.2,70.9,,,,6.15,78.2,79.0,6.15,81.0,81.8
6.17,71.1,70.9,,,,6.17,78.2,79.0,6.17,81.1,81.9
6.18,71.2,70.9,,,,6.18,78.2,79.0,6.18,81.1,81.9
6.20,71.1,70.9,,,,6.20,78.2,79.0,6.20,81.1,81.9
6.22,71.2,71.0,,,,6.22,78.2,79.0,6.22,81.2,82.0
6.23,71.2,70.9,,,,6.23,78.3,79.1,6.23,81.2,82.0
6.25,71.2,70.9,,,,6.25,78.2,79.1,6.25,81.3,82.1
6.27,71.2,70.9,,,,6.27,78.3,79.1,6.27,81.3,82.1
6.28,71.3,70.9,,,,6.28,78.3,79.1,6.28,81.3,82.1
6.30,71.2,71.0,,,,6.30,78.3,79.1,6.30,81.3,82.1
6.32,71.2,70.9,,,,6.32,78.3,79.1,6.32,81.4,82.1
6.33,71.2,70.9,,,,6.33,78.3,79.2,6.33,81.4,82.1
6.35,71.2,71.0,,,,6.35,78.3,79.2,6.35,81.4,82.2
6.37,71.2,70.9,,,,6.37,78.3,79.2,6.37,81.5,82.2
6.38,71.2,71.0,,,,6.38,78.3,79.2,6.38,81.5,82.2
6.40,71.2,71.0,,,,6.40,78.3,79.2,6.40,81.6,82.3
6.42,71.2,71.0,,,,6.42,78.3,79.2,6.42,81.6,82.3
6.43,71.2,71.0,,,,6.43,78.3,79.2,6.43,81.6,82.3
6.45,71.2,70.9,,,,6.45,78.4,79.2,6.45,81.6,82.4
6.47,71.2,71.0,,,,6.47,78.4,79.2,6.47,81.6,82.4
6.48,71.2,71.0,,,,6.48,78.4,79.2,6.48,81.7,82.4
6.50,71.3,71.0,,,,6.50,78.4,79.3,6.50,81.7,82.4
6.52,71.3,71.0,,,,6.52,78.4,79.2,6.52,81.7,82.4
6.53,71.3,71.0,,,,6.53,78.5,79.3,6.53,81.7,82.4
6.55,71.3,71.0,,,,6.55,78.5,79.3,6.55,81.7,82.4
6.57,71.3,71.1,,,,6.57,78.5,79.3,6.57,81.8,82.5
6.58,71.3,71.0,,,,6.58,78.5,79.3,6.58,81.8,82.5
6.60,71.3,71.0,,,,6.60,78.5,79.3,6.60,81.8,82.5
6.62,71.3,71.1,,,,6.62,78.5,79.3,6.62,81.8,82.5
6.63,71.3,71.0,,,,6.63,78.5,79.3,6.63,81.9,82.6
6.65,71.2,71.0,,,,6.65,78.5,79.3,6.65,81.9,82.6
6.67,71.3,71.0,,,,6.67,78.5,79.3,6.67,81.9,82.6
6.68,71.2,71.0,,,,6.68,78.5,79.3,6.68,81.9,82.6
6.70,71.1,70.9,,,,6.70,78.5,79.4,6.70,81.9,82.6
6.72,71.2,70.9,,,,6.72,78.5,79.4,6.72,81.9,82.6
6.73,71.2,70.9,,,,6.73,78.6,79.4,6.73,81.9,82.7
6.75,71.2,70.9,,,,6.75,78.6,79.4,6.75,81.9,82.6
6.77,71.2,70.9,,,,6.77,78.6,79.4,6.77,81.9,82.7
6.78,71.2,70.9,,,,6.78,78.6,79.4,6.78,81.9,82.7
6.80,71.2,71.0,,,,6.80,78.6,79.4,6.80,82.0,82.7
6.82,71.2,70.9,,,,6.82,78.6,79.4,6.82,82.0,82.7
6.83,71.1,70.8,,,,6.83,78.6,79.4,6.83,82.0,82.7
6.85,71.1,70.8,,,,6.85,78.6,79.5,6.85,82.0,82.7
6.87,71.1,70.9,,,,6.87,78.6,79.5,6.87,82.0,82.6
6.88,71.0,70.9,,,,6.88,78.6,79.5,6.88,82.0,82.7
6.90,71.1,70.9,,,,6.90,78.6,79.5,6.90,82.0,82.7
6.92,71.1,70.9,,,,6.92,78.6,79.5,6.92,82.0,82.7
6.93,71.1,70.9,,,,6.93,78.6,79.5,6.93,82.0,82.7
6.95,71.2,71.0,,,,6.95,78.6,79.5,6.95,82.1,82.7
6.97,71.2,70.9,,,,6.97,78.6,79.5,6.97,82.1,82.7
6.98,71.2,70.9,,,,6.98,78.6,79.5,6.98,82.1,82.7
7.00,71.2,70.9,,,,7.00,78.7,79.5,7.00,82.1,82.7
7.02,71.2,70.9,,,,7.02,78.7,79.5,7.02,82.1,82.7
7.03,71.2,70.9,,,,7.03,78.7,79.5,7.03,82.1,82.7
7.05,71.2,70.9,,,,7.05,78.7,79.5,7.05,82.2,82.7
7.07,71.2,70.9,,,,7.07,78.7,79.5,7.07,82.2,82.7
7.08,71.2,70.9,,,,7.08,78.7,79.5,7.08,82.2,82.7
7.10,71.2,70.9,,,,7.10,78.7,79.5,7.10,82.2,82.7
7.12,71.2,71.0,,,,7.12,78.8,79.5,7.12,82.2,82.8
7.13,71.2,71.1,,,,7.13,78.8,79.5,7.13,82.2,82.8
7.15,71.3,71.0,,,,7.15,78.8,79.5,7.15,82.2,82.8
7.17,71.3,71.0,,,,7.17,78.8,79.5,7.17,82.3,82.8
7.18,71.2,71.0,,,,7.18,78.8,79.5,7.18,82.2,82.8
7.20,71.2,71.0,,,,7.20,78.8,79.6,7.20,82.2,82.8
7.22,71.2,70.9,,,,7.22,78.8,79.6,7.22,82.2,82.8
7.23,71.2,71.0,,,,7.23,78.8,79.6,7.23,82.2,82.8
7.25,71.2,70.9,,,,7.25,78.9,79.7,7.25,82.2,82.8
7.27,71.2,70.9,,,,7.27,78.9,79.7,7.27,82.2,82.8
7.28,71.2,70.9,,,,7.28,78.9,79.8,7.28,82.2,82.7
7.30,71.2,70.9,,,,7.30,78.9,79.7,7.30,82.2,82.7
7.32,71.2,70.9,,,,7.32,78.9,79.7,7.32,82.2,82.7
7.33,71.2,70.9,,,,7.33,78.9,79.7,7.33,82.2,82.8
7.35,71.2,70.9,,,,7.35,78.9,79.7,7.35,82.2,82.7
7.37,71.1,70.9,,,,7.37,78.9,79.7,7.37,82.2,82.7
7.38,71.1,70.9,,,,7.38,78.9,79.8,7.38,82.2,82.7
7.40,71.2,70.9,,,,7.40,79.0,79.8,7.40,82.2,82.7
7.42,71.2,70.9,,,,7.42,79.0,79.8,7.42,82.2,82.7
7.43,71.2,70.9,,,,7.43,79.0,79.8,7.43,82.2,82.7
7.45,71.1,70.9,,,,7.45,79.0,79.8,7.45,82.2,82.7
7.47,71.1,70.8,,,,7.47,79.0,79.8,7.47,82.1,82.7
7.48,71.1,70.9,,,,7.48,79.0,79.8,7.48,82.2,82.7
7.50,71.1,70.9,,,,7.50,79.0,79.8,7.50,82.2,82.7
7.52,71.1,70.8,,,,7.52,79.0,79.8,7.52,82.2,82.7
7.53,71.1,70.8,,,,7.53,79.0,79.8,7.53,82.2,82.7
7.55,71.1,70.9,,,,7.55,79.0,79.8,7.55,82.2,82.8
7.57,71.2,70.9,,,,7.57,79.0,79.8,7.57,82.2,82.7
7.58,71.2,70.9,,,,7.58,79.0,79.8,7.58,82.2,82.8
7.60,71.1,70.9,,,,7.60,79.1,79.8,7.60,82.2,82.8
7.62,71.2,70.9,,,,7.62,79.1,79.8,7.62,82.2,82.8
7.63,71.1,70.9,,,,7.63,79.1,79.8,7.63,82.2,82.8
7.65,71.2,70.9,,,,7.65,79.1,79.8,7.65,82.2,82.8
7.67,71.2,70.9,,,,7.67,79.1,79.9,7.67,82.2,82.8
7.68,71.2,70.9,,,,7.68,79.2,79.9,7.68,82.2,82.8
7.70,71.2,70.9,,,,7.70,79.1,79.9,7.70,82.2,82.7
7.72,71.1,70.9,,,,7.72,79.1,79.9,7.72,82.2,82.8
7.73,71.2,70.9,,,,7.73,79.2,79.9,7.73,82.2,82.8
7.75,71.2,70.9,,,,7.75,79.2,79.9,7.75,82.2,82.8
7.77,71.2,71.0,,,,7.77,79.2,80.0,7.77,82.2,82.8
7.78,71.2,71.0,,,,7.78,79.1,80.0,7.78,82.2,82.8
7.80,71.2,71.0,,,,7.80,79.2,80.0,7.80,82.2,82.8
7.82,71.3,71.0,,,,7.82,79.2,80.0,7.82,82.2,82.8
7.83,71.2,70.9,,,,7.83,79.2,80.0,7.83,82.2,82.8
7.85,71.2,70.9,,,,7.85,79.2,80.0,7.85,82.2,82.8
7.87,71.3,70.9,,,,7.87,79.2,80.0,7.87,82.2,82.8
7.88,71.2,70.9,,,,7.88,79.2,80.0,7.88,82.2,82.8
7.90,71.2,70.9,,,,7.90,79.2,80.0,7.90,82.2,82.8
7.92,71.2,70.9,,,,7.92,79.2,80.0,7.92,82.2,82.8
7.93,71.1,70.9,,,,7.93,79.2,80.0,7.93,82.2,82.8
7.95,71.1,70.9,,,,7.95,79.2,80.0,7.95,82.2,82.8
7.97,71.1,70.9,,,,7.97,79.2,80.0,7.97,82.2,82.9
7.98,71.1,70.9,,,,7.98,79.2,80.0,7.98,82.2,82.9
8.00,71.1,70.9,,,,8.00,79.2,80.1,8.00,82.3,82.9
8.02,71.1,70.9,,,,8.02,79.2,80.0,8.02,82.2,82.9
8.03,71.1,70.9,,,,8.03,79.2,80.1,8.03,82.3,82.9
8.05,71.1,70.9,,,,8.05,79.2,80.1,8.05,82.2,82.9
8.07,71.1,70.9,,,,8.07,79.2,80.1,8.07,82.2,83.0
8.08,71.1,70.8,,,,8.08,79.3,80.1,8.08,82.3,83.0
8.10,71.1,70.8,,,,8.10,79.2,80.1,8.10,82.2,83.0
8.12,71.1,70.8,,,,8.12,79.3,80.1,8.12,82.2,83.0
8.13,71.1,70.8,,,,8.13,79.3,80.1,8.13,82.3,83.1
8.15,71.1,70.9,,,,8.15,79.3,80.1,8.15,82.3,83.2
8.17,71.1,70.9,,,,8.17,79.3,80.1,8.17,82.3,83.2
8.18,71.1,70.9,,,,8.18,79.3,80.1,8.18,82.3,83.3
8.20,71.1,70.9,,,,8.20,79.3,80.1,8.20,82.3,83.3
8.22,71.1,70.9,,,,8.22,79.3,80.1,8.22,82.3,83.3
8.23,71.1,70.9,,,,8.23,79.3,80.1,8.23,82.3,83.3
8.25,71.1,70.9,,,,8.25,79.3,80.1,8.25,82.3,83.3
8.27,71.1,70.9,,,,8.27,79.3,80.1,8.27,82.3,83.3
8.28,71.1,70.9,,,,8.28,79.3,80.1,8.28,82.2,83.2
8.30,71.1,70.9,,,,8.30,79.3,80.1,8.30,82.2,83.2
8.32,71.1,70.9,,,,8.32,79.3,80.1,8.32,82.2,83.0
8.33,71.1,70.9,,,,8.33,79.4,80.1,8.33,81.8,82.7
8.35,71.1,70.9,,,,8.35,79.3,80.1,8.35,81.5,82.4
8.37,71.1,70.9,,,,8.37,79.4,80.1,8.37,81.2,82.1
8.38,71.2,71.0,,,,8.38,79.4,80.2,8.38,81.2,81.9
8.40,71.3,71.0,,,,8.40,79.4,80.2,8.40,81.0,81.7
8.42,71.2,71.0,,,,8.42,79.4,80.2,8.42,80.9,81.6
8.43,71.3,71.0,,,,8.43,79.4,80.2,8.43,80.9,81.5
8.45,71.2,71.0,,,,8.45,79.4,80.2,8.45,80.9,81.5
8.47,71.2,71.0,,,,8.47,79.4,80.2,8.47,80.9,81.6
8.48,71.2,71.0,,,,8.48,79.4,80.2,8.48,81.0,81.6
8.50,71.1,71.0,,,,8.50,79.4,80.2,8.50,81.0,81.7
8.52,71.1,70.9,,,,8.52,79.4,80.2,8.52,81.0,81.7
8.53,71.1,70.9,,,,8.53,79.4,80.2,8.53,81.1,81.8
8.55,71.1,70.9,,,,8.55,79.4,80.2,8.55,81.2,81.8
8.57,71.2,70.9,,,,8.57,79.5,80.2,8.57,81.3,81.9
8.58,71.1,70.9,,,,8.58,79.5,80.2,8.58,81.3,81.9
8.60,71.1,70.9,,,,8.60,79.5,80.2,8.60,81.4,82.0
8.62,71.1,70.9,,,,8.62,79.5,80.3,8.62,81.4,82.0
8.63,71.1,70.9,,,,8.63,79.5,80.3,8.63,81.4,82.1
8.65,71.1,70.9,,,,8.65,79.5,80.3,8.65,81.5,82.1
8.67,71.1,70.9,,,,8.67,79.5,80.3,8.67,81.6,82.1
8.68,71.1,70.9,,,,8.68,79.5,80.3,8.68,81.6,82.2
8.70,71.1,70.9,,,,8.70,79.5,80.3,8.70,81.6,82.2
8.72,71.1,70.9,,,,8.72,79.5,80.3,8.72,81.7,82.3
8.73,71.1,70.9,,,,8.73,79.5,80.3,8.73,81.7,82.4
8.75,71.1,70.9,,,,8.75,79.5,80.3,8.75,81.7,82.4
8.77,71.1,70.9,,,,8.77,79.5,80.3,8.77,81.8,82.4
8.78,71.1,70.9,,,,8.78,79.5,80.3,8.78,81.8,82.4
8.80,71.1,70.9,,,,8.80,79.5,80.3,8.80,81.8,82.4
8.82,71.1,70.9,,,,8.82,79.5,80.3,8.82,81.9,82.4
8.83,71.1,70.8,,,,8.83,79.5,80.3,8.83,81.9,82.5
8.85,71.1,70.9,,,,8.85,79.5,80.3,8.85,81.9,82.5
8.87,71.1,70.9,,,,8.87,79.5,80.3,8.87,81.9,82.6
8.88,71.1,70.9,,,,8.88,79.6,80.4,8.88,82.0,82.6
8.90,71.1,70.8,,,,8.90,79.6,80.3,8.90,82.0,82.6
8.92,71.1,70.9,,,,8.92,79.6,80.4,8.92,82.0,82.6
8.93,71.1,70.8,,,,8.93,79.6,80.4,8.93,82.0,82.6
8.95,71.1,70.9,,,,8.95,79.6,80.4,8.95,82.1,82.6
8.97,71.1,70.8,,,,8.97,79.6,80.4,8.97,82.1,82.7
8.98,71.1,70.9,,,,8.98,79.6,80.4,8.98,82.1,82.7
9.00,71.1,70.9,,,,9.00,79.6,80.4,9.00,82.1,82.7
9.02,71.0,70.8,,,,9.02,79.6,80.4,9.02,82.1,82.7
9.03,71.0,70.8,,,,9.03,79.6,80.4,9.03,82.2,82.7
9.05,71.1,70.8,,,,9.05,79.6,80.4,9.05,82.2,82.7
9.07,71.1,70.8,,,,9.07,79.6,80.4,9.07,82.2,82.8
9.08,71.1,70.8,,,,9.08,79.7,80.4,9.08,82.2,82.8
9.10,71.0,70.8,,,,9.10,79.7,80.5,9.10,82.2,82.8
9.12,71.1,70.8,,,,9.12,79.7,80.5,9.12,82.2,82.8
9.13,71.1,70.9,,,,9.13,79.7,80.5,9.13,82.3,82.8
9.15,71.1,70.9,,,,9.15,79.7,80.5,9.15,82.3,82.9
9.17,71.1,70.9,,,,9.17,79.7,80.5,9.17,82.3,82.8
9.18,71.1,70.8,,,,9.18,79.7,80.5,9.18,82.3,82.9
9.20,71.1,70.8,,,,9.20,79.7,80.5,9.20,82.3,82.9
9.22,71.1,70.8,,,,9.22,79.7,80.5,9.22,82.3,82.9
9.23,71.1,70.9,,,,9.23,79.7,80.5,9.23,82.3,82.9
9.25,71.1,70.9,,,,9.25,79.8,80.6,9.25,82.4,82.9
9.27,71.1,70.9,,,,9.27,79.8,80.6,9.27,82.4,82.9
9.28,71.1,70.9,,,,9.28,79.8,80.6,9.28,82.4,82.9
9.30,71.1,70.8,,,,9.30,79.8,80.6,9.30,82.4,83.0
9.32,71.1,70.9,,,,9.32,79.8,80.6,9.32,82.4,83.0
9.33,71.1,71.0,,,,9.33,79.8,80.6,9.33,82.4,83.0
9.35,71.2,71.0,,,,9.35,79.8,80.6,9.35,82.5,83.0
9.37,71.1,71.0,,,,9.37,79.8,80.6,9.37,82.5,83.0
9.38,71.1,70.9,,,,9.38,79.8,80.6,9.38,82.5,83.0
9.40,71.1,70.9,,,,9.40,79.9,80.6,9.40,82.5,83.0
9.42,71.1,70.9,,,,9.42,79.8,80.6,9.42,82.5,83.0
9.43,71.1,70.9,,,,9.43,79.8,80.6,9.43,82.5,83.0
9.45,71.1,70.9,,,,9.45,79.9,80.6,9.45,82.5,83.0
9.47,71.1,70.8,,,,9.47,79.9,80.6,9.47,82.5,83.0
9.48,71.1,70.8,,,,9.48,79.9,80.6,9.48,82.5,83.0
9.50,71.0,70.8,,,,9.50,79.9,80.7,9.50,82.5,83.0
9.52,71.0,70.8,,,,,,,9.52,82.6,83.0
9.53,71.0,70.8,,,,,,,9.53,82.5,83.1
9.55,71.0,70.8,,,,,,,9.55,82.6,83.1
9.57,71.0,70.8,,,,,,,9.57,82.6,83.1
9.58,71.0,70.8,,,,,,,9.58,82.6,83.1
9.60,71.0,70.8,,,,,,,9.60,82.6,83.2
9.62,71.0,70.7,,,,,,,9.62,82.6,83.2
9.63,71.0,70.8,,,,,,,9.63,82.6,83.1
9.65,71.0,70.8,,,,,,,9.65,82.6,83.2
9.67,71.0,70.8,,,,,,,9.67,82.6,83.2
9.68,71.0,70.8,,,,,,,9.68,82.6,83.2
9.70,71.0,70.9,,,,,,,9.70,82.6,83.2
9.72,71.0,70.9,,,,,,,9.72,82.6,83.1
9.73,71.1,70.9,,,,,,,9.73,82.6,83.2
9.75,71.0,70.9,,,,,,,9.75,82.6,83.1
9.77,71.0,70.8,,,,,,,9.77,82.6,83.1
9.78,71.0,70.9,,,,,,,9.78,82.6,83.1
9.80,71.1,70.9,,,,,,,9.80,82.6,83.1
9.82,71.0,70.9,,,,,,,9.82,82.6,83.1
9.83,71.1,70.9,,,,,,,9.83,82.6,83.1
9.85,71.1,70.9,,,,,,,9.85,82.6,83.2
9.87,71.1,70.9,,,,,,,9.87,82.6,83.2
9.88,71.0,70.9,,,,,,,9.88,82.6,83.2
9.90,71.1,70.9,,,,,,,9.90,82.6,83.2
9.92,71.1,70.9,,,,,,,9.92,82.6,83.2
9.93,71.1,71.0,,,,,,,9.93,82.6,83.2
9.95,71.0,70.9,,,,,,,9.95,82.6,83.2
9.97,71.1,70.9,,,,,,,9.97,82.6,83.2
9.98,71.1,70.9,,,,,,,9.98,82.6,83.3
10.00,71.1,70.9,,,,,,,10.00,82.6,83.3
10.02,71.0,70.9,,,,,,,10.02,82.6,83.3
10.03,71.1,70.8,,,,,,,10.03,82.6,83.3
10.05,71.0,70.9,,,,,,,10.05,82.6,83.3
10.07,71.0,70.9,,,,,,,10.07,82.6,83.3
10.08,71.0,70.9,,,,,,,10.08,82.6,83.3
10.10,71.0,70.9,,,,,,,10.10,82.6,83.3
10.12,71.1,70.9,,,,,,,10.12,82.6,83.3
10.13,71.0,70.9,,,,,,,10.13,82.6,83.3
10.15,71.0,70.9,,,,,,,10.15,82.6,83.3
10.17,71.0,70.8,,,,,,,10.17,82.6,83.3
10.18,71.0,70.8,,,,,,,10.18,82.6,83.3
10.20,71.0,70.8,,,,,,,10.20,82.5,83.3
10.22,71.0,70.9,,,,,,,10.22,82.5,83.3
10.23,71.0,70.8,,,,,,,10.23,82.5,83.3
10.25,71.0,70.9,,,,,,,10.25,82.5,83.3
10.27,71.0,70.8,,,,,,,10.27,82.5,83.3
10.28,71.0,70.8,,,,,,,10.28,82.5,83.3
10.30,71.0,70.8,,,,,,,10.30,82.5,83.3
10.32,70.9,70.8,,,,,,,10.32,82.5,83.3
10.33,71.0,70.8,,,,,,,10.33,82.5,83.3
10.35,71.0,70.8,,,,,,,10.35,82.5,83.2
10.37,71.0,70.8,,,,,,,10.37,82.5,83.2
10.38,71.0,70.8,,,,,,,10.38,82.5,83.2
10.40,71.0,70.8,,,,,,,10.40,82.5,83.1
10.42,71.0,70.8,,,,,,,10.42,82.2,82.8
10.43,71.0,70.8,,,,,,,10.43,81.7,82.4
10.45,71.0,70.8,,,,,,,10.45,81.5,82.0
10.47,71.0,70.8,,,,,,,10.47,81.4,81.8
10.48,71.0,70.8,,,,,,,10.48,81.3,81.7
10.50,71.0,70.8,,,,,,,10.50,81.3,81.6
10.52,71.0,70.8,,,,,,,10.52,81.3,81.6
10.53,71.0,70.8,,,,,,,10.53,81.3,81.7
10.55,71.0,70.8,,,,,,,10.55,81.3,81.7
10.57,71.0,70.8,,,,,,,10.57,81.3,81.8
10.58,71.0,70.8,,,,,,,10.58,81.3,81.8
10.60,71.0,70.8,,,,,,,10.60,81.4,81.9
10.62,71.0,70.8,,,,,,,10.62,81.4,81.9
10.63,71.0,70.8,,,,,,,10.63,81.5,82.0
10.65,71.0,70.9,,,,,,,10.65,81.6,82.1
10.67,71.0,70.9,,,,,,,10.67,81.6,82.2
10.68,71.1,70.9,,,,,,,10.68,81.7,82.2
10.70,71.1,70.9,,,,,,,10.70,81.7,82.3
10.72,71.1,70.9,,,,,,,10.72,81.7,82.4
10.73,71.1,70.9,,,,,,,10.73,81.8,82.4
10.75,71.0,70.8,,,,,,,10.75,81.9,82.5
10.77,71.0,70.9,,,,,,,10.77,81.9,82.6
10.78,71.0,70.9,,,,,,,10.78,82.0,82.6
10.80,71.0,70.8,,,,,,,10.80,82.1,82.6
10.82,71.0,70.8,,,,,,,10.82,82.1,82.7
10.83,71.0,70.8,,,,,,,10.83,82.1,82.7
10.85,71.0,70.8,,,,,,,10.85,82.2,82.8
10.87,71.0,70.8,,,,,,,10.87,82.2,82.8
10.88,71.0,70.8,,,,,,,10.88,82.2,82.8
10.90,71.0,70.8,,,,,,,10.90,82.2,82.8
10.92,71.0,70.8,,,,,,,10.92,82.3,82.8
10.93,71.0,70.8,,,,,,,10.93,82.3,82.8
10.95,71.0,70.8,,,,,,,10.95,82.3,82.9
10.97,71.0,70.8,,,,,,,10.97,82.3,82.9
10.98,70.9,70.8,,,,,,,10.98,82.4,82.9
11.00,70.9,70.8,,,,,,,11.00,82.4,83.0
11.02,71.0,70.8,,,,,,,11.02,82.5,83.0
11.03,70.8,70.8,,,,,,,11.03,82.5,83.0
11.05,71.0,70.8,,,,,,,11.05,82.5,83.0
11.07,71.0,70.8,,,,,,,11.07,82.5,83.0
11.08,71.0,70.8,,,,,,,11.08,82.5,83.0
11.10,71.0,70.8,,,,,,,11.10,82.5,83.0
11.12,71.0,70.8,,,,,,,11.12,82.5,83.0
11.13,70.9,70.8,,,,,,,11.13,82.6,83.0
11.15,71.0,70.8,,,,,,,11.15,82.6,83.0
11.17,71.0,70.8,,,,,,,11.17,82.6,83.0
11.18,71.0,70.8,,,,,,,11.18,82.6,83.1
11.20,71.0,70.8,,,,,,,11.20,82.6,83.2
11.22,71.0,70.8,,,,,,,11.22,82.6,83.2
11.23,71.0,70.8,,,,,,,11.23,82.6,83.2
11.25,71.0,70.8,,,,,,,11.25,82.6,83.2
11.27,71.0,70.8,,,,,,,11.27,82.7,83.2
11.28,71.0,70.8,,,,,,,11.28,82.7,83.3
11.30,71.0,70.8,,,,,,,11.30,82.7,83.3
11.32,71.0,70.8,,,,,,,11.32,82.7,83.2
11.33,71.0,70.8,,,,,,,11.33,82.7,83.3
11.35,71.0,70.8,,,,,,,11.35,82.7,83.3
11.37,71.0,70.8,,,,,,,11.37,82.7,83.3
11.38,71.0,70.8,,,,,,,11.38,82.7,83.3
11.40,71.0,70.8,,,,,,,11.40,82.8,83.3
11.42,71.0,70.8,,,,,,,11.42,82.8,83.3
11.43,71.0,70.8,,,,,,,11.43,82.8,83.3
11.45,71.0,70.8,,,,,,,11.45,82.8,83.3
11.47,71.0,70.8,,,,,,,11.47,82.9,83.3
11.48,71.0,70.8,,,,,,,11.48,82.9,83.3
11.50,71.0,70.8,,,,,,,11.50,82.8,83.3
11.52,71.0,70.8,,,,,,,11.52,82.8,83.3
11.53,71.0,70.8,,,,,,,11.53,82.9,83.3
11.55,71.0,70.8,,,,,,,11.55,82.9,83.3
11.57,71.0,70.8,,,,,,,11.57,82.9,83.3
11.58,71.0,70.8,,,,,,,11.58,82.9,83.3
11.60,71.0,70.8,,,,,,,11.60,82.9,83.3
11.62,71.0,70.8,,,,,,,11.62,82.9,83.3
11.63,71.0,70.8,,,,,,,11.63,82.9,83.3
11.65,71.0,70.8,,,,,,,11.65,82.9,83.3
11.67,71.0,70.8,,,,,,,11.67,82.9,83.3
11.68,71.0,70.8,,,,,,,11.68,82.9,83.3
11.70,71.0,70.9,,,,,,,11.70,82.9,83.3
11.72,71.0,70.8,,,,,,,11.72,82.9,83.3
11.73,71.1,70.8,,,,,,,11.73,82.9,83.3
11.75,71.1,70.9,,,,,,,11.75,82.9,83.3
11.77,71.0,70.9,,,,,,,11.77,83.0,83.4
11.78,71.0,70.9,,,,,,,11.78,82.9,83.3
11.80,71.0,70.8,,,,,,,11.80,83.0,83.4
11.82,71.0,70.8,,,,,,,11.82,83.0,83.4
11.83,71.0,70.8,,,,,,,11.83,83.0,83.4
11.85,71.0,70.8,,,,,,,11.85,82.9,83.4
11.87,71.0,70.8,,,,,,,11.87,83.0,83.3
11.88,71.0,70.8,,,,,,,11.88,83.0,83.3
11.90,71.0,70.8,,,,,,,11.90,83.0,83.3
11.92,71.0,70.8,,,,,,,11.92,83.0,83.3
11.93,71.0,70.8,,,,,,,11.93,83.0,83.4
11.95,71.0,70.8,,,,,,,11.95,83.0,83.3
11.97,71.0,70.8,,,,,,,11.97,82.9,83.4
11.98,71.0,70.8,,,,,,,11.98,83.0,83.3
12.00,71.0,70.8,,,,,,,12.00,83.0,83.4
12.02,71.0,70.8,,,,,,,12.02,83.0,83.4
12.03,71.0,70.8,,,,,,,12.03,83.0,83.4
12.05,70.9,70.8,,,,,,,12.05,82.9,83.4
12.07,71.0,70.8,,,,,,,12.07,83.0,83.4
12.08,71.0,70.8,,,,,,,12.08,83.0,83.4
12.10,70.9,70.7,,,,,,,12.10,83.0,83.4
12.12,70.9,70.7,,,,,,,12.12,83.0,83.4
12.13,70.9,70.8,,,,,,,12.13,83.0,83.4
12.15,70.8,70.8,,,,,,,12.15,83.0,83.4
12.17,70.9,70.7,,,,,,,12.17,83.0,83.4
12.18,70.9,70.8,,,,,,,12.18,83.0,83.4
12.20,70.9,70.7,,,,,,,12.20,83.0,83.4
12.22,70.9,70.8,,,,,,,12.22,83.0,83.4
12.23,70.9,70.8,,,,,,,12.23,83.0,83.4
12.25,70.9,70.8,,,,,,,12.25,83.0,83.4
12.27,70.8,70.8,,,,,,,12.27,83.0,83.4
12.28,70.8,70.8,,,,,,,12.28,83.0,83.4
12.30,70.9,70.7,,,,,,,12.30,83.0,83.4
12.32,70.8,70.8,,,,,,,12.32,83.0,83.4
12.33,70.8,70.8,,,,,,,12.33,83.0,83.4
12.35,70.8,70.8,,,,,,,12.35,83.0,83.4
12.37,70.9,70.8,,,,,,,12.37,83.1,83.4
12.38,70.9,70.8,,,,,,,12.38,83.0,83.4
12.40,70.9,70.7,,,,,,,12.40,83.1,83.4
12.42,70.9,70.8,,,,,,,12.42,83.1,83.4
12.43,70.9,70.8,,,,,,,12.43,83.1,83.4
12.45,70.8,70.7,,,,,,,12.45,83.1,83.4
12.47,70.8,70.8,,,,,,,12.47,83.1,83.5
12.48,70.8,70.7,,,,,,,12.48,83.1,83.4
12.50,70.9,70.7,,,,,,,12.50,83.1,83.4
12.52,70.9,70.7,,,,,,,12.52,83.1,83.5
12.53,70.9,70.8,,,,,,,12.53,83.1,83.5
12.55,70.9,70.8,,,,,,,12.55,83.1,83.5
12.57,70.9,70.8,,,,,,,12.57,83.1,83.5
12.58,70.8,70.8,,,,,,,12.58,83.1,83.5
12.60,70.7,70.8,,,,,,,12.60,83.1,83.5
12.62,70.9,70.8,,,,,,,12.62,83.1,83.5
12.63,70.9,70.8,,,,,,,12.63,83.1,83.5
12.65,70.9,70.7,,,,,,,12.65,83.1,83.5
12.67,70.8,70.8,,,,,,,12.67,83.1,83.5
12.68,70.9,70.8,,,,,,,12.68,83.1,83.5
12.70,70.8,70.8,,,,,,,12.70,83.1,83.5
12.72,70.8,70.7,,,,,,,12.72,83.1,83.5
12.73,70.7,70.8,,,,,,,12.73,83.1,83.5
12.75,70.8,70.8,,,,,,,12.75,83.1,83.5
12.77,70.9,70.8,,,,,,,12.77,83.2,83.5
12.78,70.9,70.8,,,,,,,12.78,83.1,83.5
12.80,70.9,70.8,,,,,,,12.80,83.2,83.6
12.82,70.9,70.8,,,,,,,12.82,83.2,83.5
12.83,70.8,70.8,,,,,,,12.83,83.2,83.5
12.85,70.9,70.8,,,,,,,12.85,83.2,83.5
12.87,70.9,70.8,,,,,,,12.87,83.2,83.6
12.88,70.9,70.8,,,,,,,12.88,83.2,83.5
12.90,70.9,70.8,,,,,,,12.90,83.2,83.5
12.92,70.9,70.8,,,,,,,12.92,83.2,83.6
12.93,70.9,70.8,,,,,,,12.93,83.2,83.6
12.95,70.9,70.8,,,,,,,12.95,83.2,83.6
12.97,70.9,70.8,,,,,,,12.97,83.2,83.6
12.98,70.9,70.8,,,,,,,12.98,83.2,83.6
13.00,70.9,70.8,,,,,,,13.00,83.2,83.6
13.02,70.8,70.8,,,,,,,13.02,83.2,83.6
13.03,70.9,70.8,,,,,,,13.03,83.2,83.6
13.05,70.9,70.8,,,,,,,13.05,83.2,83.6
13.07,70.9,70.8,,,,,,,13.07,83.2,83.6
13.08,70.9,70.8,,,,,,,13.08,83.2,83.6
13.10,70.9,70.8,,,,,,,13.10,83.2,83.6
13.12,70.9,70.8,,,,,,,13.12,83.2,83.6
13.13,70.9,70.8,,,,,,,13.13,83.2,83.6
13.15,70.9,70.8,,,,,,,13.15,83.3,83.6
13.17,70.9,70.8,,,,,,,13.17,83.3,83.6
13.18,71.0,70.8,,,,,,,13.18,83.3,83.6
13.20,71.0,70.8,,,,,,,13.20,83.3,83.7
13.22,70.9,70.8,,,,,,,13.22,83.3,83.6
13.23,70.9,70.8,,,,,,,13.23,83.3,83.6
13.25,70.9,70.8,,,,,,,13.25,83.3,83.7
13.27,70.9,70.8,,,,,,,13.27,83.3,83.7
13.28,70.9,70.8,,,,,,,13.28,83.3,83.6
13.30,70.9,70.8,,,,,,,13.30,83.3,83.7
13.32,71.0,70.8,,,,,,,13.32,83.3,83.7
13.33,70.9,70.8,,,,,,,13.33,83.3,83.7
13.35,70.9,70.8,,,,,,,13.35,83.3,83.7
13.37,70.9,70.8,,,,,,,13.37,83.3,83.7
13.38,70.9,70.8,,,,,,,13.38,83.3,83.7
13.40,70.9,70.8,,,,,,,13.40,83.3,83.7
13.42,70.9,70.8,,,,,,,13.42,83.3,83.7
13.43,70.9,70.8,,,,,,,13.43,83.3,83.7
13.45,70.9,70.8,,,,,,,13.45,83.3,83.7
13.47,70.9,70.8,,,,,,,13.47,83.4,83.7
13.48,70.9,70.8,,,,,,,13.48,83.4,83.7
13.50,70.9,70.8,,,,,,,13.50,83.4,83.7
13.52,70.9,70.8,,,,,,,13.52,83.4,83.7
13.53,70.9,70.8,,,,,,,13.53,83.4,83.7
13.55,70.8,70.8,,,,,,,13.55,83.4,83.7
13.57,70.9,70.8,,,,,,,13.57,83.4,83.7
13.58,70.9,70.8,,,,,,,13.58,83.4,83.7
13.60,70.9,70.8,,,,,,,13.60,83.4,83.7
13.62,70.9,70.8,,,,,,,13.62,83.4,83.7
13.63,70.9,70.8,,,,,,,13.63,83.4,83.7
13.65,70.9,70.8,,,,,,,13.65,83.4,83.7
13.67,70.9,70.8,,,,,,,13.67,83.5,83.7
13.68,70.9,70.8,,,,,,,13.68,83.5,83.7
13.70,70.9,70.8,,,,,,,13.70,83.5,83.7
13.72,70.8,70.8,,,,,,,13.72,83.4,83.7
13.73,70.9,70.8,,,,,,,13.73,83.5,83.8
13.75,70.9,70.8,,,,,,,13.75,83.5,83.8
13.77,70.9,70.8,,,,,,,13.77,83.5,83.8
13.78,70.9,70.8,,,,,,,13.78,83.5,83.8
13.80,70.8,70.7,,,,,,,13.80,83.5,83.7
13.82,70.8,70.7,,,,,,,13.82,83.5,83.8
13.83,70.9,70.8,,,,,,,13.83,83.5,83.7
13.85,70.8,70.8,,,,,,,13.85,83.5,83.8
13.87,70.8,70.8,,,,,,,13.87,83.5,83.8
13.88,70.7,70.8,,,,,,,13.88,83.5,83.8
13.90,70.8,70.8,,,,,,,13.90,83.5,83.8
13.92,70.8,70.8,,,,,,,13.92,83.5,83.8
13.93,70.8,70.8,,,,,,,13.93,83.5,83.8
13.95,70.9,70.8,,,,,,,13.95,83.5,83.8
13.97,70.9,70.8,,,,,,,13.97,83.5,83.8
13.98,70.9,70.8,,,,,,,13.98,83.5,83.8
14.00,70.8,70.8,,,,,,,14.00,83.5,83.8
14.02,70.9,70.8,,,,,,,14.02,83.5,83.8
14.03,70.9,70.8,,,,,,,14.03,83.5,83.8
14.05,70.8,70.8,,,,,,,14.05,83.5,83.8
14.07,70.9,70.8,,,,,,,14.07,83.5,83.8
14.08,70.9,70.8,,,,,,,14.08,83.5,83.8
14.10,70.9,70.8,,,,,,,14.10,83.5,83.8
14.12,70.9,70.8,,,,,,,14.12,83.5,83.8
14.13,70.9,70.8,,,,,,,14.13,83.5,83.8
14.15,70.9,70.8,,,,,,,14.15,83.5,83.8
14.17,70.9,70.8,,,,,,,14.17,83.5,83.8
14.18,71.0,70.8,,,,,,,14.18,83.5,83.8
14.20,71.0,70.8,,,,,,,14.20,83.5,83.8
14.22,70.9,70.8,,,,,,,14.22,83.5,83.8
14.23,71.0,70.8,,,,,,,14.23,83.5,83.8
14.25,71.0,70.8,,,,,,,14.25,83.5,83.8
14.27,71.0,70.8,,,,,,,14.27,83.5,83.8
14.28,70.9,70.8,,,,,,,14.28,83.5,83.8
14.30,70.9,70.8,,,,,,,14.30,83.5,83.8
14.32,70.9,70.8,,,,,,,14.32,83.5,83.8
14.33,70.9,70.8,,,,,,,14.33,83.5,83.7
14.35,71.0,70.8,,,,,,,14.35,83.5,83.7
14.37,71.0,70.8,,,,,,,14.37,83.5,83.8
14.38,70.9,70.8,,,,,,,14.38,83.5,83.7
14.40,70.9,70.8,,,,,,,14.40,83.5,83.8
14.42,70.9,70.8,,,,,,,14.42,83.5,83.8
14.43,70.9,70.8,,,,,,,14.43,83.5,83.7
14.45,71.0,70.8,,,,,,,14.45,83.5,83.8
14.47,71.0,70.8,,,,,,,14.47,83.5,83.7
14.48,70.9,70.8,,,,,,,14.48,83.5,83.8
14.50,71.0,70.8,,,,,,,14.50,83.5,83.8
14.52,71.0,70.8,,,,,,,14.52,83.5,83.8
14.53,70.9,70.8,,,,,,,14.53,83.5,83.8
14.55,70.9,70.8,,,,,,,14.55,83.5,83.7
14.57,70.9,70.8,,,,,,,14.57,83.5,83.8
14.58,70.9,70.8,,,,,,,14.58,83.5,83.8
14.60,70.9,70.8,,,,,,,14.60,83.5,83.8
14.62,70.9,70.8,,,,,,,14.62,83.5,83.8
14.63,71.0,70.8,,,,,,,14.63,83.5,83.8
14.65,70.9,70.8,,,,,,,14.65,83.5,83.8
14.67,70.9,70.8,,,,,,,14.67,83.5,83.8
14.68,70.8,70.8,,,,,,,14.68,83.5,83.8
14.70,70.8,70.8,,,,,,,14.70,83.5,83.8
14.72,70.8,70.8,,,,,,,14.72,83.5,83.8
14.73,70.8,70.8,,,,,,,14.73,83.5,83.8
14.75,70.8,70.8,,,,,,,14.75,83.5,83.8
14.77,70.8,70.8,,,,,,,14.77,83.5,83.8
14.78,70.8,70.7,,,,,,,14.78,83.5,83.8
14.80,70.8,70.8,,,,,,,14.80,83.5,83.8
14.82,70.8,70.8,,,,,,,14.82,83.5,83.8
14.83,70.8,70.8,,,,,,,14.83,83.5,83.8
14.85,70.8,70.8,,,,,,,14.85,83.5,83.8
14.87,70.8,70.8,,,,,,,14.87,83.5,83.8
14.88,70.8,70.8,,,,,,,14.88,83.5,83.8
14.90,70.8,70.8,,,,,,,14.90,83.5,83.8
14.92,70.8,70.7,,,,,,,14.92,83.5,83.8
14.93,70.8,70.8,,,,,,,14.93,83.5,83.8
14.95,70.8,70.8,,,,,,,14.95,83.5,83.8
14.97,70.8,70.7,,,,,,,14.97,83.5,83.8
14.98,70.8,70.8,,,,,,,14.98,83.5,83.8
15.00,70.8,70.8,,,,,,,15.00,83.5,83.8
15.02,70.8,70.8,,,,,,,15.02,83.5,83.8
15.03,70.8,70.8,,,,,,,15.03,83.5,83.8
15.05,70.8,70.8,,,,,,,15.05,83.5,83.9
15.07,70.8,70.7,,,,,,,15.07,83.5,83.9
15.08,70.8,70.7,,,,,,,15.08,83.5,83.8
15.10,70.8,70.8,,,,,,,15.10,83.5,83.9
15.12,70.8,70.7,,,,,,,15.12,83.5,83.8
15.13,70.8,70.7,,,,,,,15.13,83.5,83.9
15.15,70.8,70.7,,,,,,,15.15,83.5,83.9
15.17,70.8,70.7,,,,,,,15.17,83.5,83.9
15.18,70.7,70.6,,,,,,,15.18,83.5,83.9
15.20,70.7,70.7,,,,,,,15.20,83.5,83.9
15.22,70.7,70.6,,,,,,,15.22,83.5,83.9
15.23,70.7,70.7,,,,,,,15.23,83.5,83.9
15.25,70.7,70.6,,,,,,,15.25,83.5,83.9
15.27,70.7,70.6,,,,,,,15.27,83.5,83.9
15.28,70.8,70.7,,,,,,,15.28,83.6,83.9
15.30,70.8,70.7,,,,,,,15.30,83.5,83.9
15.32,70.8,70.7,,,,,,,15.32,83.5,83.9
15.33,70.8,70.8,,,,,,,15.33,83.5,83.9
15.35,70.8,70.8,,,,,,,15.35,83.5,83.9
15.37,70.8,70.8,,,,,,,15.37,83.5,84.0
15.38,70.8,70.7,,,,,,,15.38,83.5,84.0
15.40,70.8,70.7,,,,,,,15.40,83.5,84.0
15.42,70.8,70.7,,,,,,,15.42,83.5,84.0
15.43,70.8,70.7,,,,,,,15.43,83.5,84.0
15.45,70.8,70.7,,,,,,,15.45,83.5,84.0
15.47,70.8,70.8,,,,,,,15.47,83.5,84.0
15.48,70.8,70.8,,,,,,,15.48,83.6,84.0
15.50,70.8,70.7,,,,,,,15.50,83.6,84.0
15.52,70.8,70.7,,,,,,,15.52,83.6,84.0
15.53,70.8,70.8,,,,,,,15.53,83.6,84.0
15.55,70.9,70.8,,,,,,,15.55,83.6,84.0
15.57,70.9,70.8,,,,,,,15.57,83.6,84.0
15.58,70.9,70.8,,,,,,,15.58,83.6,84.0
15.60,70.9,70.8,,,,,,,15.60,83.6,84.0
15.62,70.8,70.8,,,,,,,15.62,83.6,84.0
15.63,70.9,70.8,,,,,,,15.63,83.6,84.0
15.65,70.9,70.8,,,,,,,15.65,83.6,84.0
15.67,70.9,70.8,,,,,,,15.67,83.6,84.0
15.68,70.9,70.8,,,,,,,15.68,83.6,84.0
15.70,70.8,70.8,,,,,,,15.70,83.6,84.0
15.72,70.8,70.8,,,,,,,15.72,83.6,84.0
15.73,70.8,70.7,,,,,,,15.73,83.6,84.0
15.75,70.8,70.8,,,,,,,15.75,83.7,84.0
15.77,70.8,70.8,,,,,,,15.77,83.6,84.0
15.78,70.8,70.8,,,,,,,15.78,83.7,84.0
15.80,70.8,70.7,,,,,,,15.80,83.7,84.0
15.82,70.8,70.7,,,,,,,15.82,83.7,84.0
15.83,70.8,70.8,,,,,,,15.83,83.7,84.0
15.85,70.8,70.8,,,,,,,15.85,83.7,84.1
15.87,70.8,70.7,,,,,,,15.87,83.7,84.1
15.88,70.8,70.8,,,,,,,15.88,83.7,84.0
15.90,70.8,70.7,,,,,,,15.90,83.7,84.1
15.92,70.7,70.7,,,,,,,15.92,83.7,84.0
15.93,70.7,70.7,,,,,,,15.93,83.7,84.1
15.95,70.8,70.8,,,,,,,15.95,83.7,84.1
15.97,70.7,70.7,,,,,,,15.97,83.7,84.1
15.98,70.7,70.7,,,,,,,15.98,83.7,84.1
16.00,70.7,70.7,,,,,,,16.00,83.7,84.1
16.02,70.7,70.7,,,,,,,16.02,83.8,84.1
16.03,70.7,70.7,,,,,,,16.03,83.8,84.1
16.05,70.8,70.7,,,,,,,16.05,83.7,84.1
16.07,70.7,70.7,,,,,,,16.07,83.8,84.1
16.08,70.7,70.7,,,,,,,16.08,83.8,84.1
16.10,70.7,70.7,,,,,,,16.10,83.8,84.1
16.12,70.7,70.7,,,,,,,16.12,83.8,84.1
16.13,70.7,70.7,,,,,,,16.13,83.8,84.2
16.15,70.7,70.6,,,,,,,16.15,83.8,84.2
16.17,70.7,70.6,,,,,,,16.17,83.8,84.2
16.18,70.7,70.7,,,,,,,16.18,83.8,84.2
16.20,70.7,70.7,,,,,,,16.20,83.8,84.2
16.22,70.7,70.7,,,,,,,16.22,83.8,84.2
16.23,70.7,70.7,,,,,,,16.23,83.8,84.1
16.25,70.7,70.7,,,,,,,16.25,83.8,84.1
16.27,70.7,70.6,,,,,,,16.27,83.8,84.1
16.28,70.7,70.7,,,,,,,16.28,83.8,84.1
16.30,70.7,70.6,,,,,,,16.30,83.8,84.1
16.32,70.7,70.7,,,,,,,16.32,83.8,84.1
16.33,70.7,70.6,,,,,,,16.33,83.7,84.1
16.35,70.7,70.7,,,,,,,16.35,83.8,84.1
16.37,70.7,70.6,,,,,,,16.37,83.7,84.1
16.38,70.7,70.7,,,,,,,16.38,83.7,84.1
16.40,70.7,70.7,,,,,,,16.40,83.7,84.1
16.42,70.7,70.6,,,,,,,16.42,83.7,84.1
16.43,70.7,70.6,,,,,,,16.43,83.7,84.1
16.45,70.7,70.7,,,,,,,16.45,83.7,84.0
16.47,70.8,70.7,,,,,,,16.47,83.7,84.0
16.48,70.8,70.7,,,,,,,16.48,83.7,84.0
16.50,70.8,70.7,,,,,,,16.50,83.7,84.0
16.52,70.8,70.8,,,,,,,16.52,83.7,84.0
16.53,70.8,70.7,,,,,,,16.53,83.7,84.0
16.55,70.7,70.7,,,,,,,16.55,83.7,84.0
16.57,70.8,70.7,,,,,,,16.57,83.7,84.0
16.58,70.8,70.7,,,,,,,16.58,83.7,83.9
16.60,70.8,70.7,,,,,,,16.60,83.7,84.0
16.62,70.8,70.7,,,,,,,16.62,83.6,84.0
16.63,70.8,70.7,,,,,,,16.63,83.7,84.0
16.65,70.8,70.7,,,,,,,16.65,83.7,84.0
16.67,70.8,70.8,,,,,,,16.67,83.6,84.0
16.68,70.8,70.8,,,,,,,16.68,83.6,84.0
16.70,70.8,70.8,,,,,,,16.70,83.6,84.0
16.72,70.8,70.8,,,,,,,16.72,83.6,84.0
16.73,70.8,70.8,,,,,,,16.73,83.6,84.0
16.75,70.8,70.8,,,,,,,16.75,83.6,84.0
16.77,70.8,70.8,,,,,,,16.77,83.6,84.0
16.78,70.8,70.8,,,,,,,16.78,83.6,84.0
16.80,70.8,70.8,,,,,,,16.80,83.7,84.0
16.82,70.8,70.8,,,,,,,16.82,83.6,84.0
16.83,70.7,70.8,,,,,,,16.83,83.6,84.0
16.85,70.7,70.8,,,,,,,16.85,83.6,84.0
16.87,70.7,70.7,,,,,,,16.87,83.7,84.0
16.88,70.7,70.8,,,,,,,16.88,83.7,84.1
16.90,70.8,70.7,,,,,,,16.90,83.7,84.1
16.92,70.8,70.8,,,,,,,16.92,83.8,84.1
16.93,70.8,70.7,,,,,,,16.93,83.7,84.1
16.95,70.8,70.7,,,,,,,16.95,83.7,84.1
16.97,70.8,70.8,,,,,,,16.97,83.7,84.1
16.98,70.7,70.8,,,,,,,16.98,83.8,84.1
17.00,70.8,70.8,,,,,,,17.00,83.8,84.1
17.02,70.8,70.8,,,,,,,17.02,83.7,84.1
17.03,70.8,70.8,,,,,,,17.03,83.8,84.1
17.05,70.8,70.8,,,,,,,17.05,83.8,84.1
17.07,70.8,70.7,,,,,,,17.07,83.8,84.1
17.08,70.8,70.8,,,,,,,17.08,83.8,84.2
17.10,70.8,70.8,,,,,,,17.10,83.8,84.2
17.12,70.8,70.8,,,,,,,17.12,83.8,84.2
17.13,70.8,70.8,,,,,,,17.13,83.8,84.2
17.15,70.8,70.8,,,,,,,17.15,83.8,84.2
17.17,70.8,70.8,,,,,,,17.17,83.8,84.2
17.18,70.8,70.8,,,,,,,17.18,83.8,84.2
17.20,70.8,70.8,,,,,,,17.20,83.8,84.2
17.22,70.8,70.8,,,,,,,17.22,83.8,84.2
17.23,70.8,70.8,,,,,,,17.23,83.8,84.2
17.25,70.8,70.8,,,,,,,17.25,83.8,84.2
17.27,70.8,70.8,,,,,,,17.27,83.8,84.2
17.28,70.8,70.8,,,,,,,17.28,83.8,84.2
17.30,70.8,70.8,,,,,,,17.30,83.8,84.2
17.32,70.9,70.8,,,,,,,17.32,83.8,84.2
17.33,70.9,70.8,,,,,,,17.33,83.8,84.2
17.35,70.8,70.8,,,,,,,17.35,83.8,84.2
17.37,70.8,70.8,,,,,,,17.37,83.8,84.2
17.38,70.9,70.8,,,,,,,17.38,83.8,84.2
17.40,70.8,70.8,,,,,,,17.40,83.8,84.2
17.42,70.9,70.8,,,,,,,17.42,83.8,84.2
17.43,70.9,70.8,,,,,,,17.43,83.8,84.2
17.45,70.9,70.8,,,,,,,17.45,83.8,84.2
17.47,70.9,70.8,,,,,,,17.47,83.8,84.2
17.48,70.9,70.8,,,,,,,17.48,83.8,84.2
17.50,70.8,70.8,,,,,,,17.50,83.8,84.2
17.52,70.8,70.8,,,,,,,17.52,83.8,84.2
17.53,70.8,70.8,,,,,,,17.53,83.8,84.2
17.55,70.8,70.8,,,,,,,17.55,83.8,84.2
17.57,70.8,70.8,,,,,,,17.57,83.8,84.2
17.58,70.9,70.8,,,,,,,17.58,83.9,84.2
17.60,70.9,70.8,,,,,,,17.60,83.9,84.2
17.62,70.9,70.8,,,,,,,17.62,83.8,84.2
17.63,70.9,70.8,,,,,,,17.63,83.8,84.3
17.65,70.8,70.8,,,,,,,17.65,83.8,84.2
17.67,70.8,70.8,,,,,,,17.67,83.8,84.3
17.68,70.8,70.8,,,,,,,17.68,83.9,84.3
17.70,70.8,70.8,,,,,,,17.70,83.9,84.2
17.72,70.8,70.8,,,,,,,17.72,83.8,84.2
17.73,70.8,70.8,,,,,,,17.73,83.8,84.2
17.75,70.8,70.8,,,,,,,17.75,83.9,84.2
17.77,70.8,70.8,,,,,,,17.77,83.9,84.2
17.78,70.7,70.8,,,,,,,17.78,83.8,84.3
17.80,70.8,70.8,,,,,,,17.80,83.8,84.2
17.82,70.8,70.8,,,,,,,17.82,83.9,84.2
17.83,70.8,70.8,,,,,,,17.83,83.9,84.3
17.85,70.8,70.8,,,,,,,17.85,83.9,84.3
17.87,70.8,70.8,,,,,,,17.87,83.8,84.3
17.88,70.8,70.7,,,,,,,17.88,83.9,84.3
17.90,70.7,70.8,,,,,,,17.90,83.9,84.3
17.92,70.8,70.8,,,,,,,17.92,83.8,84.3
17.93,70.7,70.8,,,,,,,17.93,83.9,84.3
17.95,70.8,70.8,,,,,,,17.95,83.9,84.3
17.97,70.8,70.8,,,,,,,17.97,83.9,84.3
17.98,70.8,70.8,,,,,,,17.98,83.9,84.3
18.00,70.8,70.8,,,,,,,18.00,83.9,84.3
18.02,70.8,70.8,,,,,,,18.02,83.9,84.2
18.03,70.8,70.8,,,,,,,18.03,83.9,84.3
18.05,70.8,70.8,,,,,,,18.05,83.9,84.3
18.07,70.9,70.8,,,,,,,18.07,83.9,84.3
18.08,70.9,70.8,,,,,,,18.08,83.9,84.3
18.10,70.9,70.8,,,,,,,18.10,84.0,84.3
18.12,70.8,70.8,,,,,,,18.12,83.9,84.3
18.13,70.8,70.8,,,,,,,18.13,83.9,84.3
18.15,70.8,70.8,,,,,,,18.15,83.9,84.3
18.17,70.9,70.8,,,,,,,18.17,83.9,84.3
18.18,70.9,70.8,,,,,,,18.18,83.9,84.3
18.20,70.8,70.8,,,,,,,18.20,85.3,84.3
18.22,70.8,70.8,,,,,,,18.22,86.4,84.3
18.23,70.8,70.8,,,,,,,18.23,84.0,84.2
18.25,70.8,70.8,,,,,,,18.25,84.0,84.3
18.27,70.7,70.8,,,,,,,18.27,84.5,84.3
18.28,70.8,70.8,,,,,,,18.28,84.0,84.3
18.30,70.8,70.8,,,,,,,18.30,84.0,84.3
18.32,70.8,70.8,,,,,,,18.32,84.0,84.3
18.33,70.8,70.8,,,,,,,18.33,83.9,84.3
18.35,70.7,70.8,,,,,,,18.35,83.9,84.3
18.37,70.8,70.8,,,,,,,18.37,83.9,84.3
18.38,70.8,70.8,,,,,,,18.38,84.0,84.3
18.40,70.7,70.8,,,,,,,18.40,84.0,84.3
18.42,70.7,70.8,,,,,,,18.42,83.9,84.3
18.43,70.8,70.8,,,,,,,18.43,84.0,84.3
18.45,70.7,70.8,,,,,,,18.45,83.9,84.3
18.47,70.7,70.8,,,,,,,18.47,83.9,84.3
18.48,70.7,70.8,,,,,,,18.48,83.9,84.3
18.50,70.7,70.8,,,,,,,18.50,83.9,84.3
18.52,70.7,70.7,,,,,,,18.52,84.0,84.3
18.53,70.7,70.7,,,,,,,18.53,84.0,84.3
18.55,70.7,70.7,,,,,,,18.55,83.9,84.3
18.57,70.7,70.6,,,,,,,18.57,84.0,84.3
18.58,70.7,70.7,,,,,,,18.58,83.9,84.3
18.60,70.7,70.7,,,,,,,18.60,84.0,84.3
18.62,70.6,70.7,,,,,,,18.62,83.9,84.3
18.63,70.7,70.7,,,,,,,18.63,84.0,84.3
18.65,70.6,70.7,,,,,,,18.65,84.0,84.3
18.67,70.6,70.7,,,,,,,18.67,84.0,84.3
18.68,70.7,70.7,,,,,,,18.68,84.0,84.3
18.70,70.6,70.7,,,,,,,18.70,84.0,84.3
18.72,70.7,70.7,,,,,,,18.72,84.0,84.3
18.73,70.7,70.8,,,,,,,18.73,84.0,84.3
18.75,70.7,70.8,,,,,,,18.75,84.0,84.3
18.77,70.7,70.7,,,,,,,18.77,84.0,84.3
18.78,70.7,70.8,,,,,,,18.78,84.0,84.4
18.80,70.7,70.8,,,,,,,18.80,84.0,84.3
18.82,70.7,70.8,,,,,,,18.82,84.0,84.3
18.83,70.7,70.8,,,,,,,18.83,84.0,84.3
18.85,70.8,70.8,,,,,,,18.85,84.0,84.3
18.87,70.8,70.8,,,,,,,18.87,84.0,84.3
18.88,70.8,70.8,,,,,,,18.88,84.0,84.3
18.90,70.7,70.8,,,,,,,18.90,84.0,84.3
18.92,70.7,70.8,,,,,,,18.92,84.0,84.3
18.93,70.7,70.8,,,,,,,18.93,84.0,84.3
18.95,70.7,70.8,,,,,,,18.95,84.0,84.3
18.97,70.7,70.8,,,,,,,18.97,84.0,84.3
18.98,70.8,70.8,,,,,,,18.98,84.0,84.3
19.00,70.8,70.8,,,,,,,19.00,84.0,84.3
19.02,70.8,70.8,,,,,,,19.02,84.0,84.3
19.03,70.8,70.8,,,,,,,19.03,84.0,84.3
19.05,70.8,70.8,,,,,,,19.05,84.0,84.3
19.07,70.8,70.8,,,,,,,19.07,84.0,84.3
19.08,70.8,70.8,,,,,,,19.08,84.0,84.3
19.10,70.8,70.8,,,,,,,19.10,84.0,84.3
19.12,70.8,70.8,,,,,,,19.12,84.0,84.3
19.13,70.8,70.8,,,,,,,19.13,84.0,84.3
19.15,70.8,70.8,,,,,,,19.15,84.0,84.3
19.17,70.8,70.8,,,,,,,19.17,84.0,84.3
19.18,70.8,70.8,,,,,,,19.18,84.0,84.4
19.20,70.8,70.8,,,,,,,19.20,84.0,84.3
19.22,70.8,70.8,,,,,,,19.22,84.0,84.4
19.23,70.8,70.8,,,,,,,19.23,84.1,84.4
19.25,70.8,70.8,,,,,,,19.25,84.1,84.4
19.27,70.8,70.8,,,,,,,19.27,84.1,84.4
19.28,70.8,70.8,,,,,,,19.28,84.1,84.4
19.30,70.8,70.8,,,,,,,19.30,84.1,84.4
19.32,70.8,70.8,,,,,,,19.32,84.1,84.4
19.33,70.8,70.8,,,,,,,19.33,84.0,84.4
19.35,70.8,70.8,,,,,,,19.35,84.0,84.5
19.37,70.8,70.8,,,,,,,19.37,84.0,84.5
19.38,70.8,70.8,,,,,,,19.38,84.1,84.5
19.40,70.8,70.8,,,,,,,19.40,84.1,84.4
19.42,70.8,70.8,,,,,,,19.42,84.0,84.4
19.43,70.8,70.8,,,,,,,19.43,84.1,84.5
19.45,70.8,70.8,,,,,,,19.45,84.1,84.5
19.47,70.8,70.8,,,,,,,19.47,84.1,84.5
19.48,70.8,70.8,,,,,,,19.48,84.1,84.4
19.50,70.8,70.8,,,,,,,19.50,84.1,84.4
19.52,70.8,70.8,,,,,,,19.52,84.1,84.4
19.53,70.8,70.8,,,,,,,19.53,84.1,84.4
19.55,70.8,70.8,,,,,,,19.55,84.1,84.4
19.57,70.8,70.8,,,,,,,19.57,84.1,84.4
19.58,70.8,70.8,,,,,,,19.58,84.1,84.4
19.60,70.7,70.8,,,,,,,19.60,84.1,84.4
19.62,70.8,70.8,,,,,,,19.62,84.1,84.4
19.63,70.7,70.8,,,,,,,19.63,84.1,84.4
19.65,70.7,70.8,,,,,,,19.65,84.1,84.4
19.67,70.7,70.8,,,,,,,19.67,84.1,84.4
19.68,70.7,70.8,,,,,,,19.68,84.1,84.4
19.70,70.8,70.8,,,,,,,19.70,84.1,84.4
19.72,70.7,70.8,,,,,,,19.72,84.1,84.5
19.73,70.7,70.8,,,,,,,19.73,84.1,84.4
19.75,70.7,70.8,,,,,,,19.75,84.1,84.4
19.77,70.7,70.8,,,,,,,19.77,84.1,84.4
19.78,70.7,70.8,,,,,,,19.78,84.1,84.5
19.80,70.7,70.8,,,,,,,19.80,84.1,84.5
19.82,70.7,70.8,,,,,,,19.82,84.1,84.4
19.83,70.7,70.8,,,,,,,19.83,84.1,84.4
19.85,70.7,70.8,,,,,,,19.85,84.1,84.5
19.87,70.8,70.8,,,,,,,19.87,84.1,84.4
19.88,70.8,70.8,,,,,,,19.88,84.1,84.5
19.90,70.7,70.8,,,,,,,19.90,84.1,84.5
19.92,70.8,70.8,,,,,,,19.92,84.1,84.5
19.93,70.7,70.8,,,,,,,19.93,84.1,84.5
19.95,70.7,70.8,,,,,,,19.95,84.1,84.5
19.97,70.7,70.8,,,,,,,19.97,84.1,84.5
19.98,70.7,70.8,,,,,,,19.98,84.1,84.5
20.00,70.7,70.8,,,,,,,20.00,84.1,84.5
20.02,70.7,70.8,,,,,,,20.02,84.1,84.5
20.03,70.7,70.8,,,,,,,20.03,84.1,84.5
20.05,70.7,70.8,,,,,,,20.05,84.1,84.5
20.07,70.8,70.8,,,,,,,20.07,84.1,84.5
20.08,70.7,70.8,,,,,,,20.08,84.1,84.5
20.10,70.7,70.8,,,,,,,20.10,84.1,84.5
20.12,70.8,70.8,,,,,,,20.12,84.1,84.5
20.13,70.7,70.8,,,,,,,20.13,84.1,84.4
20.15,70.7,70.8,,,,,,,20.15,84.1,84.5
20.17,70.7,70.8,,,,,,,20.17,84.1,84.4
20.18,70.7,70.8,,,,,,,20.18,84.1,84.5
20.20,70.7,70.7,,,,,,,20.20,84.1,84.5
20.22,70.7,70.8,,,,,,,20.22,84.1,84.5
20.23,70.7,70.8,,,,,,,20.23,84.1,84.5
20.25,70.7,70.8,,,,,,,20.25,84.1,84.5
20.27,70.7,70.8,,,,,,,20.27,84.1,84.5
20.28,70.7,70.7,,,,,,,20.28,84.1,84.5
20.30,70.7,70.8,,,,,,,20.30,84.1,84.5
20.32,70.7,70.8,,,,,,,20.32,84.1,84.5
20.33,70.7,70.7,,,,,,,20.33,84.1,84.5
20.35,70.6,70.8,,,,,,,20.35,84.1,84.5
20.37,70.7,70.7,,,,,,,20.37,84.1,84.5
20.38,70.7,70.8,,,,,,,20.38,84.1,84.5
20.40,70.7,70.8,,,,,,,20.40,84.1,84.5
20.42,70.8,70.8,,,,,,,20.42,84.1,84.5
20.43,70.7,70.8,,,,,,,20.43,84.1,84.5
20.45,70.8,70.8,,,,,,,20.45,84.1,84.5
20.47,70.8,70.8,,,,,,,20.47,84.1,84.5
20.48,70.8,70.9,,,,,,,20.48,84.1,84.5
20.50,70.8,70.9,,,,,,,20.50,84.2,84.4
20.52,70.8,70.9,,,,,,,20.52,84.1,84.4
20.53,70.8,70.9,,,,,,,20.53,84.1,84.5
20.55,70.8,71.0,,,,,,,20.55,84.1,84.5
20.57,70.8,70.9,,,,,,,20.57,84.1,84.4
20.58,70.8,71.0,,,,,,,20.58,84.1,84.5
20.60,70.9,71.0,,,,,,,20.60,84.1,84.5
20.62,70.9,71.1,,,,,,,20.62,84.1,84.5
20.63,70.9,71.1,,,,,,,20.63,84.1,84.5
20.65,70.9,71.1,,,,,,,20.65,84.1,84.5
20.67,70.9,71.1,,,,,,,20.67,84.1,84.5
20.68,70.9,71.1,,,,,,,20.68,84.1,84.5
20.70,70.9,71.1,,,,,,,20.70,84.1,84.5
20.72,70.9,71.1,,,,,,,20.72,84.1,84.5
20.73,70.9,71.1,,,,,,,20.73,84.1,84.5
20.75,70.9,71.1,,,,,,,20.75,84.1,84.5
20.77,70.9,71.1,,,,,,,20.77,84.1,84.5
20.78,70.9,71.1,,,,,,,20.78,84.1,84.5
20.80,70.9,71.1,,,,,,,20.80,84.1,84.5
20.82,70.9,71.1,,,,,,,20.82,84.3,84.6
20.83,70.9,71.1,,,,,,,20.83,84.1,84.5
20.85,70.9,71.1,,,,,,,20.85,84.1,84.5
20.87,70.9,71.1,,,,,,,20.87,84.1,84.5
20.88,70.9,71.1,,,,,,,20.88,84.1,84.5
20.90,70.9,71.1,,,,,,,20.90,84.1,84.5
20.92,70.9,71.0,,,,,,,20.92,84.2,84.5
20.93,70.8,70.9,,,,,,,20.93,84.2,84.5
20.95,70.8,70.9,,,,,,,20.95,84.2,84.5
20.97,70.9,70.9,,,,,,,20.97,84.2,84.5
20.98,70.8,70.9,,,,,,,20.98,84.2,84.5
21.00,70.8,70.9,,,,,,,21.00,84.2,84.5
21.02,70.8,70.9,,,,,,,21.02,84.2,84.5
21.03,70.8,70.9,,,,,,,21.03,84.2,84.5
21.05,70.8,70.9,,,,,,,21.05,84.2,84.5
21.07,70.8,70.8,,,,,,,21.07,84.2,84.5
21.08,70.8,70.8,,,,,,,21.08,84.2,84.5
21.10,70.7,70.9,,,,,,,21.10,84.2,84.5
21.12,70.8,70.9,,,,,,,21.12,84.2,84.5
21.13,70.8,70.9,,,,,,,21.13,84.2,84.5
21.15,70.8,70.8,,,,,,,21.15,84.2,84.5
21.17,70.8,70.9,,,,,,,21.17,84.2,84.5
21.18,70.8,70.9,,,,,,,21.18,84.2,84.5
21.20,70.8,70.8,,,,,,,21.20,84.2,84.5
21.22,70.7,70.9,,,,,,,21.22,84.2,84.5
21.23,70.8,70.9,,,,,,,21.23,84.2,84.5
21.25,70.8,70.9,,,,,,,21.25,84.2,84.5
21.27,70.8,70.9,,,,,,,21.27,84.2,84.5
21.28,70.8,70.9,,,,,,,21.28,84.2,84.5
21.30,70.8,70.9,,,,,,,21.30,84.2,84.5
21.32,70.8,70.9,,,,,,,21.32,84.2,84.5
21.33,70.8,70.9,,,,,,,21.33,84.2,84.5
21.35,70.8,70.9,,,,,,,21.35,84.2,84.5
21.37,70.8,70.9,,,,,,,21.37,84.2,84.5
21.38,70.8,70.9,,,,,,,21.38,84.2,84.5
21.40,70.8,70.9,,,,,,,21.40,84.2,84.5
21.42,70.8,70.9,,,,,,,21.42,84.2,84.5
21.43,70.8,70.9,,,,,,,21.43,84.2,84.5
21.45,70.8,71.0,,,,,,,21.45,84.2,84.5
21.47,70.8,70.9,,,,,,,21.47,84.2,84.5
21.48,70.8,70.9,,,,,,,21.48,84.2,84.5
21.50,70.8,70.9,,,,,,,21.50,84.2,84.5
21.52,70.8,70.9,,,,,,,21.52,84.2,84.5
21.53,70.8,71.0,,,,,,,21.53,84.2,84.5
21.55,70.8,70.9,,,,,,,21.55,84.2,84.5
21.57,70.8,71.0,,,,,,,21.57,84.2,84.5
21.58,70.8,70.9,,,,,,,21.58,84.2,84.5
21.60,70.8,71.0,,,,,,,21.60,84.2,84.5
21.62,70.8,70.9,,,,,,,21.62,84.2,84.5
21.63,70.8,70.9,,,,,,,21.63,84.3,84.5
21.65,70.8,70.9,,,,,,,21.65,84.2,84.5
21.67,70.8,70.9,,,,,,,21.67,84.2,84.5
21.68,70.8,70.9,,,,,,,21.68,84.2,84.5
21.70,70.8,70.9,,,,,,,21.70,84.3,84.5
21.72,70.8,70.9,,,,,,,21.72,84.2,84.5
21.73,70.8,70.9,,,,,,,21.73,84.3,84.5
21.75,70.8,71.0,,,,,,,21.75,84.3,84.5
21.77,70.8,70.9,,,,,,,21.77,84.3,84.5
21.78,70.8,71.0,,,,,,,21.78,84.3,84.5
21.80,70.9,71.0,,,,,,,21.80,84.3,84.5
21.82,70.9,71.0,,,,,,,21.82,84.2,84.5
21.83,70.9,71.0,,,,,,,21.83,84.3,84.5
21.85,70.9,71.0,,,,,,,21.85,84.3,84.5
21.87,70.9,71.1,,,,,,,21.87,84.3,84.5
21.88,71.0,71.1,,,,,,,21.88,84.3,84.5
21.90,71.0,71.0,,,,,,,21.90,84.3,84.5
21.92,70.9,71.1,,,,,,,21.92,84.3,84.5
21.93,71.0,71.1,,,,,,,21.93,84.3,84.5
21.95,70.9,71.1,,,,,,,21.95,84.3,84.5
21.97,71.0,71.1,,,,,,,21.97,84.3,84.5
21.98,71.0,71.1,,,,,,,21.98,84.3,84.5
22.00,71.0,71.1,,,,,,,22.00,84.3,84.5
22.02,71.0,71.1,,,,,,,22.02,84.3,84.5
22.03,71.0,71.1,,,,,,,22.03,84.3,84.5
22.05,71.0,71.1,,,,,,,22.05,84.3,84.5
22.07,71.0,71.2,,,,,,,22.07,84.3,84.5
22.08,71.0,71.2,,,,,,,22.08,84.3,84.5
22.10,71.0,71.2,,,,,,,22.10,84.3,84.5
22.12,71.0,71.1,,,,,,,22.12,84.3,84.5
22.13,71.0,71.1,,,,,,,22.13,84.3,84.5
22.15,71.0,71.1,,,,,,,22.15,84.3,84.5
22.17,70.9,71.1,,,,,,,22.17,84.3,84.5
22.18,71.0,71.1,,,,,,,22.18,84.3,84.5
22.20,71.0,71.1,,,,,,,22.20,84.3,84.5
22.22,71.0,71.1,,,,,,,22.22,84.3,84.5
22.23,71.0,71.1,,,,,,,22.23,84.3,84.5
22.25,71.0,71.1,,,,,,,22.25,84.3,84.5
22.27,71.0,71.1,,,,,,,22.27,84.4,84.6
22.28,71.0,71.1,,,,,,,22.28,84.3,84.5
22.30,71.0,71.1,,,,,,,22.30,84.3,84.5
22.32,71.0,71.1,,,,,,,22.32,84.3,84.5
22.33,71.0,71.1,,,,,,,22.33,84.3,84.5
22.35,71.0,71.1,,,,,,,22.35,84.3,84.5
22.37,71.0,71.1,,,,,,,22.37,84.3,84.5
22.38,71.0,71.1,,,,,,,22.38,84.3,84.5
22.40,71.0,71.1,,,,,,,22.40,84.3,84.6
22.42,71.0,71.1,,,,,,,22.42,84.3,84.5
22.43,70.9,71.1,,,,,,,22.43,84.3,84.6
22.45,70.9,71.1,,,,,,,22.45,84.3,84.6
22.47,70.9,71.1,,,,,,,22.47,84.3,84.6
22.48,70.9,71.1,,,,,,,22.48,84.3,84.6
22.50,70.9,71.1,,,,,,,22.50,84.3,84.6
22.52,70.9,71.1,,,,,,,22.52,84.3,84.6
22.53,70.9,71.1,,,,,,,22.53,84.3,84.6
22.55,70.9,71.1,,,,,,,22.55,84.3,84.6
22.57,70.9,71.1,,,,,,,22.57,84.3,84.5
22.58,70.9,71.0,,,,,,,22.58,84.3,84.5
22.60,70.9,71.1,,,,,,,22.60,84.3,84.5
22.62,70.9,71.1,,,,,,,22.62,84.3,84.5
22.63,70.9,71.1,,,,,,,22.63,84.3,84.5
22.65,70.9,71.1,,,,,,,22.65,84.3,84.5
22.67,70.9,71.1,,,,,,,22.67,84.3,84.5
22.68,70.9,71.1,,,,,,,22.68,84.3,84.5
22.70,70.8,71.1,,,,,,,22.70,84.3,84.5
22.72,70.9,71.0,,,,,,,22.72,84.4,84.5
22.73,70.9,71.1,,,,,,,22.73,84.3,84.5
22.75,70.9,71.1,,,,,,,22.75,84.3,84.5
22.77,71.0,71.1,,,,,,,22.77,84.4,84.5
22.78,71.0,71.1,,,,,,,22.78,84.3,84.5
22.80,70.9,71.1,,,,,,,22.80,84.3,84.5
22.82,70.9,71.1,,,,,,,22.82,84.4,84.5
22.83,70.9,71.1,,,,,,,22.83,84.3,84.5
22.85,70.9,71.1,,,,,,,22.85,84.3,84.5
22.87,70.9,71.1,,,,,,,22.87,84.3,84.5
22.88,70.9,71.1,,,,,,,22.88,84.4,84.6
22.90,70.9,71.1,,,,,,,22.90,84.3,84.5
22.92,71.0,71.1,,,,,,,22.92,84.4,84.5
22.93,70.9,71.1,,,,,,,22.93,84.4,84.5
22.95,70.9,71.1,,,,,,,22.95,84.4,84.5
22.97,70.9,71.1,,,,,,,22.97,84.3,84.5
22.98,71.0,71.1,,,,,,,22.98,84.3,84.5
23.00,70.9,71.1,,,,,,,23.00,84.4,84.6
23.02,70.9,71.0,,,,,,,23.02,84.4,84.5
23.03,70.9,71.0,,,,,,,23.03,84.4,84.5
23.05,71.0,71.0,,,,,,,23.05,84.3,84.5
23.07,71.0,71.0,,,,,,,23.07,84.4,84.6
23.08,70.9,71.0,,,,,,,23.08,84.4,84.5
23.10,71.0,71.0,,,,,,,23.10,84.4,84.6
23.12,71.0,71.0,,,,,,,23.12,84.4,84.6
23.13,70.9,71.1,,,,,,,23.13,84.4,84.6
23.15,70.9,71.0,,,,,,,23.15,84.4,84.6
23.17,70.9,71.0,,,,,,,23.17,84.4,84.6
23.18,70.9,71.0,,,,,,,23.18,84.4,84.6
23.20,71.0,71.0,,,,,,,23.20,84.3,84.6
23.22,71.0,71.0,,,,,,,23.22,84.4,84.6
23.23,70.9,71.0,,,,,,,23.23,84.4,84.6
23.25,70.9,71.0,,,,,,,23.25,84.4,84.6
23.27,70.9,71.0,,,,,,,23.27,84.4,84.6
23.28,70.9,71.0,,,,,,,23.28,84.4,84.6
23.30,70.9,71.0,,,,,,,23.30,84.4,84.5
23.32,70.9,71.0,,,,,,,23.32,84.4,84.5
23.33,70.9,71.0,,,,,,,23.33,84.4,84.5
23.35,70.8,71.0,,,,,,,23.35,84.4,84.5
23.37,70.9,71.0,,,,,,,23.37,84.4,84.5
23.38,70.8,71.0,,,,,,,23.38,84.4,84.5
23.40,70.8,70.9,,,,,,,23.40,84.4,84.5
23.42,70.9,71.0,,,,,,,23.42,84.4,84.5
23.43,70.8,71.0,,,,,,,23.43,84.4,84.5
23.45,70.8,71.0,,,,,,,23.45,84.4,84.5
23.47,70.8,71.0,,,,,,,23.47,84.4,84.5
23.48,70.8,71.0,,,,,,,23.48,84.4,84.5
23.50,70.8,71.0,,,,,,,23.50,84.4,84.5
23.52,70.8,71.0,,,,,,,23.52,84.4,84.5
23.53,70.8,71.0,,,,,,,23.53,84.4,84.5
23.55,70.8,71.0,,,,,,,23.55,84.4,84.6
23.57,70.8,71.0,,,,,,,23.57,84.4,84.5
23.58,70.8,71.0,,,,,,,23.58,84.4,84.5
23.60,70.8,71.0,,,,,,,23.60,84.4,84.5
23.62,70.8,71.0,,,,,,,23.62,84.4,84.5
23.63,70.8,71.0,,,,,,,23.63,84.4,84.5
23.65,70.8,71.0,,,,,,,23.65,84.4,84.5
23.67,70.9,71.0,,,,,,,23.67,84.4,84.5
23.68,70.8,70.9,,,,,,,23.68,84.4,84.5
23.70,70.8,70.9,,,,,,,23.70,84.4,84.5
23.72,70.8,70.9,,,,,,,23.72,84.4,84.5
23.73,70.7,70.9,,,,,,,23.73,84.4,84.6
23.75,70.8,70.9,,,,,,,23.75,84.4,84.6
23.77,70.8,70.9,,,,,,,23.77,84.4,84.6
23.78,70.8,70.9,,,,,,,23.78,84.5,84.6
23.80,70.7,70.9,,,,,,,23.80,84.4,84.6
23.82,70.7,70.9,,,,,,,23.82,84.5,84.6
23.83,70.7,71.0,,,,,,,23.83,84.5,84.6
23.85,70.7,71.0,,,,,,,23.85,84.5,84.6
23.87,70.7,71.0,,,,,,,23.87,84.5,84.6
23.88,70.7,71.0,,,,,,,23.88,84.5,84.6
23.90,70.7,71.0,,,,,,,23.90,84.5,84.6
23.92,70.7,71.0,,,,,,,23.92,84.5,84.6
23.93,70.8,70.9,,,,,,,23.93,84.5,84.6
23.95,70.7,71.0,,,,,,,23.95,84.5,84.6
23.97,70.7,71.0,,,,,,,23.97,84.5,84.6
23.98,70.7,71.0,,,,,,,23.98,84.4,84.7
24.00,70.7,70.9,,,,,,,24.00,84.5,84.7
24.02,70.8,71.0,,,,,,,24.02,84.5,84.6
24.03,70.8,70.9,,,,,,,24.03,84.4,84.6
24.05,70.8,71.0,,,,,,,24.05,84.5,84.7
24.07,70.8,71.0,,,,,,,24.07,84.5,84.7
24.08,70.7,70.9,,,,,,,24.08,84.5,84.6
24.10,70.7,70.9,,,,,,,24.10,84.5,84.6
24.12,70.7,71.0,,,,,,,24.12,84.5,84.6
24.13,70.7,71.0,,,,,,,24.13,84.5,84.6
24.15,70.7,70.9,,,,,,,24.15,84.5,84.6
24.17,70.7,70.9,,,,,,,24.17,84.5,84.7
24.18,70.8,70.8,,,,,,,24.18,84.5,84.6
24.20,70.8,70.9,,,,,,,24.20,84.5,84.6
24.22,70.8,71.0,,,,,,,24.22,84.5,84.6
24.23,70.9,70.9,,,,,,,24.23,84.5,84.6
24.25,70.9,71.1,,,,,,,24.25,84.5,84.6
24.27,70.8,71.0,,,,,,,24.27,84.5,84.6
24.28,70.9,71.1,,,,,,,24.28,84.5,84.6
24.30,70.9,71.0,,,,,,,24.30,84.5,84.6
24.32,70.9,71.1,,,,,,,24.32,84.5,84.6
24.33,70.8,71.0,,,,,,,24.33,84.5,84.6
24.35,70.9,71.0,,,,,,,24.35,84.5,84.6
24.37,70.8,71.1,,,,,,,24.37,84.5,84.6
24.38,70.8,71.1,,,,,,,24.38,84.5,84.6
24.40,70.8,71.1,,,,,,,24.40,84.5,84.6
24.42,70.9,71.0,,,,,,,24.42,84.5,84.7
24.43,70.8,71.0,,,,,,,24.43,84.5,84.7
24.45,70.8,71.0,,,,,,,24.45,84.5,84.7
24.47,70.8,71.0,,,,,,,24.47,84.5,84.7
24.48,70.8,71.0,,,,,,,24.48,84.5,84.7
24.50,70.8,71.0,,,,,,,24.50,84.5,84.7
24.52,70.8,71.0,,,,,,,24.52,84.5,84.7
24.53,70.8,71.0,,,,,,,24.53,84.5,84.7
24.55,70.8,71.0,,,,,,,24.55,84.5,84.7
24.57,70.8,71.0,,,,,,,24.57,84.5,84.7
24.58,70.8,71.0,,,,,,,24.58,84.5,84.7
24.60,70.8,71.0,,,,,,,24.60,84.5,84.7
24.62,70.8,71.0,,,,,,,24.62,84.5,84.7
24.63,70.8,71.0,,,,,,,24.63,84.5,84.7
24.65,70.8,71.0,,,,,,,24.65,84.5,84.7
24.67,70.8,71.0,,,,,,,24.67,84.5,84.7
24.68,70.8,71.0,,,,,,,24.68,84.5,84.7
24.70,70.8,71.0,,,,,,,24.70,84.5,84.7
24.72,70.8,71.0,,,,,,,24.72,84.5,84.7
24.73,70.8,71.0,,,,,,,24.73,84.5,84.7
24.75,70.8,71.0,,,,,,,24.75,84.5,84.7
24.77,70.8,71.0,,,,,,,24.77,84.6,84.8
24.78,70.8,71.0,,,,,,,24.78,84.6,84.7
24.80,70.8,71.0,,,,,,,24.80,84.6,84.8
24.82,70.8,71.0,,,,,,,24.82,84.5,84.7
24.83,70.8,71.0,,,,,,,24.83,84.6,84.7
24.85,70.8,71.0,,,,,,,24.85,84.6,84.7
24.87,70.8,71.0,,,,,,,24.87,84.6,84.7
24.88,70.8,71.0,,,,,,,24.88,84.6,84.7
24.90,70.8,71.0,,,,,,,24.90,84.6,84.7
24.92,70.8,71.0,,,,,,,24.92,84.6,84.8
24.93,70.8,71.0,,,,,,,24.93,84.6,84.8
24.95,70.8,70.9,,,,,,,24.95,84.6,84.8
24.97,70.8,71.0,,,,,,,24.97,84.6,84.8
24.98,70.8,70.9,,,,,,,24.98,84.6,84.8
25.00,70.8,70.9,,,,,,,25.00,84.6,84.8
25.02,70.8,71.0,,,,,,,25.02,84.6,84.8
25.03,70.8,71.0,,,,,,,25.03,84.6,84.8
25.05,70.8,71.0,,,,,,,25.05,84.6,84.8
25.07,70.8,71.0,,,,,,,25.07,84.6,84.8
25.08,70.8,71.0,,,,,,,25.08,84.6,84.8
25.10,70.8,71.0,,,,,,,25.10,84.6,84.8
25.12,70.8,70.9,,,,,,,25.12,84.6,84.8
25.13,70.8,71.0,,,,,,,25.13,84.6,84.8
25.15,70.7,70.9,,,,,,,25.15,84.6,84.8
25.17,70.8,70.9,,,,,,,25.17,84.6,84.8
25.18,70.7,71.0,,,,,,,25.18,84.6,84.8
25.20,70.7,71.0,,,,,,,25.20,84.6,84.8
25.22,70.7,71.0,,,,,,,25.22,84.6,84.8
25.23,70.7,71.0,,,,,,,25.23,84.6,84.8
25.25,70.7,70.9,,,,,,,25.25,84.6,84.8
25.27,70.7,71.0,,,,,,,25.27,84.6,84.8
25.28,70.7,70.9,,,,,,,25.28,84.6,84.8
25.30,70.8,71.0,,,,,,,25.30,84.7,84.8
25.32,70.8,70.9,,,,,,,25.32,84.6,84.8
25.33,70.8,70.9,,,,,,,25.33,84.6,84.8
25.35,70.8,71.1,,,,,,,25.35,84.6,84.8
25.37,70.8,71.0,,,,,,,25.37,84.6,84.8
25.38,70.8,71.0,,,,,,,25.38,84.6,84.8
25.40,70.8,71.1,,,,,,,25.40,84.6,84.8
25.42,70.8,71.0,,,,,,,25.42,84.6,84.8
25.43,70.8,71.0,,,,,,,25.43,84.6,84.8
25.45,70.8,71.0,,,,,,,25.45,84.6,84.8
25.47,70.8,71.0,,,,,,,25.47,84.6,84.8
25.48,70.8,71.1,,,,,,,25.48,84.6,84.8
25.50,70.8,71.0,,,,,,,25.50,84.6,84.8
25.52,70.8,71.1,,,,,,,25.52,84.6,84.8
25.53,70.9,71.1,,,,,,,25.53,84.6,84.8
25.55,70.8,71.1,,,,,,,25.55,84.6,84.8
25.57,70.8,71.1,,,,,,,25.57,84.6,84.8
25.58,70.8,71.1,,,,,,,25.58,84.6,84.8
25.60,70.9,71.1,,,,,,,25.60,84.6,84.8
25.62,70.9,71.1,,,,,,,25.62,84.6,84.8
25.63,70.9,71.1,,,,,,,25.63,84.6,84.8
25.65,70.9,71.1,,,,,,,25.65,84.6,84.8
25.67,70.9,71.1,,,,,,,25.67,84.6,84.8
25.68,71.0,71.1,,,,,,,25.68,84.6,84.8
25.70,71.0,71.1,,,,,,,25.70,84.6,84.8
25.72,71.0,71.1,,,,,,,25.72,84.6,84.8
25.73,70.9,71.1,,,,,,,25.73,84.6,84.8
25.75,70.9,71.1,,,,,,,25.75,84.6,84.8
25.77,70.9,71.1,,,,,,,25.77,84.6,84.8
25.78,70.9,71.1,,,,,,,25.78,84.6,84.8
25.80,70.9,71.1,,,,,,,25.80,84.6,84.8
25.82,70.9,71.1,,,,,,,25.82,84.6,84.8
25.83,70.9,71.1,,,,,,,25.83,84.6,84.8
25.85,70.8,71.1,,,,,,,25.85,84.6,84.8
25.87,70.9,71.0,,,,,,,25.87,84.6,84.8
25.88,70.9,71.1,,,,,,,25.88,84.6,84.8
25.90,70.9,71.1,,,,,,,25.90,84.6,84.8
25.92,70.8,71.1,,,,,,,25.92,84.6,84.8
25.93,70.8,71.1,,,,,,,25.93,84.6,84.8
25.95,70.9,71.1,,,,,,,25.95,84.6,84.8
25.97,70.8,71.0,,,,,,,25.97,84.6,84.8
25.98,70.7,71.0,,,,,,,25.98,84.6,84.8
26.00,70.7,71.0,,,,,,,26.00,84.6,84.8
26.02,70.7,71.1,,,,,,,26.02,84.6,84.8
26.03,70.7,71.0,,,,,,,26.03,84.6,84.8
26.05,70.8,71.0,,,,,,,26.05,84.6,84.8
26.07,70.7,71.0,,,,,,,26.07,84.6,84.8
26.08,70.8,71.1,,,,,,,26.08,84.6,84.8
26.10,70.7,71.1,,,,,,,26.10,84.6,84.8
26.12,70.8,71.1,,,,,,,26.12,84.6,84.8
26.13,70.7,71.1,,,,,,,26.13,84.6,84.8
26.15,70.8,71.1,,,,,,,26.15,84.6,84.8
26.17,70.8,71.1,,,,,,,26.17,84.7,84.9
26.18,70.8,71.1,,,,,,,26.18,84.6,84.8
26.20,70.8,71.1,,,,,,,26.20,84.6,84.8
26.22,70.8,71.1,,,,,,,26.22,84.7,84.9
26.23,70.9,71.1,,,,,,,26.23,84.6,84.9
26.25,70.9,71.1,,,,,,,26.25,84.6,84.8
26.27,70.9,71.1,,,,,,,26.27,84.6,84.8
26.28,70.9,71.1,,,,,,,26.28,84.6,84.8
26.30,70.9,71.1,,,,,,,26.30,84.6,84.8
26.32,70.9,71.1,,,,,,,26.32,84.6,84.9
26.33,70.9,71.1,,,,,,,26.33,84.6,84.9
26.35,70.9,71.1,,,,,,,26.35,84.6,84.9
26.37,70.9,71.1,,,,,,,26.37,84.6,84.8
26.38,70.9,71.1,,,,,,,26.38,84.6,84.9
26.40,70.9,71.1,,,,,,,26.40,84.6,84.8
26.42,70.9,71.1,,,,,,,26.42,84.6,84.8
26.43,70.9,71.1,,,,,,,26.43,84.6,84.8
26.45,70.9,71.1,,,,,,,26.45,84.6,84.8
26.47,70.9,71.1,,,,,,,26.47,84.7,84.8
26.48,70.9,71.1,,,,,,,26.48,84.6,84.8
26.50,70.9,71.1,,,,,,,26.50,84.6,84.8
26.52,70.9,71.1,,,,,,,26.52,84.6,84.8
26.53,70.9,71.1,,,,,,,26.53,84.6,84.8
26.55,70.9,71.1,,,,,,,26.55,84.6,84.8
26.57,70.9,71.1,,,,,,,26.57,84.6,84.9
26.58,70.9,71.1,,,,,,,26.58,84.6,84.9
26.60,70.8,71.1,,,,,,,26.60,84.7,84.9
26.62,70.8,71.1,,,,,,,26.62,84.6,84.9
26.63,70.7,71.1,,,,,,,26.63,84.6,84.8
26.65,70.8,71.0,,,,,,,26.65,84.6,84.8
26.67,70.8,71.1,,,,,,,26.67,84.6,84.9
26.68,70.8,71.1,,,,,,,26.68,84.7,85.0
26.70,70.8,71.1,,,,,,,26.70,84.6,84.8
26.72,70.8,71.1,,,,,,,26.72,84.6,84.8
26.73,70.9,71.1,,,,,,,26.73,84.6,84.8
26.75,70.9,71.1,,,,,,,26.75,84.6,84.8
26.77,70.8,71.1,,,,,,,26.77,84.6,84.8
26.78,70.8,71.1,,,,,,,26.78,84.6,84.8
26.80,70.7,71.1,,,,,,,26.80,84.6,84.8
26.82,70.8,71.1,,,,,,,26.82,84.6,84.8
26.83,70.8,71.1,,,,,,,26.83,84.6,84.8
26.85,70.9,71.1,,,,,,,26.85,84.6,84.8
26.87,70.8,71.1,,,,,,,26.87,84.6,84.8
26.88,70.8,71.1,,,,,,,26.88,84.6,84.8
26.90,70.8,71.1,,,,,,,26.90,84.7,84.8
26.92,70.8,71.0,,,,,,,26.92,84.6,84.8
26.93,70.8,71.1,,,,,,,26.93,84.6,84.8
26.95,70.8,71.0,,,,,,,26.95,84.6,84.8
26.97,70.7,71.1,,,,,,,26.97,84.6,84.8
26.98,70.8,71.1,,,,,,,26.98,84.6,84.8
27.00,70.8,71.0,,,,,,,27.00,84.7,84.8
27.02,70.8,71.1,,,,,,,27.02,84.7,84.8
27.03,70.8,71.1,,,,,,,27.03,84.6,84.8
27.05,70.9,71.1,,,,,,,27.05,84.6,84.8
27.07,70.9,71.1,,,,,,,27.07,84.7,84.8
27.08,70.8,71.1,,,,,,,27.08,84.7,84.8
27.10,70.8,71.1,,,,,,,27.10,84.7,84.8
27.12,70.8,71.1,,,,,,,27.12,84.7,84.8
27.13,70.8,71.1,,,,,,,27.13,84.7,84.9
27.15,70.8,71.1,,,,,,,27.15,84.7,84.9
27.17,70.8,71.1,,,,,,,27.17,84.7,84.8
27.18,70.9,71.1,,,,,,,27.18,84.7,84.9
27.20,70.9,71.1,,,,,,,27.20,84.7,84.9
27.22,70.9,71.1,,,,,,,27.22,84.7,84.8
27.23,70.9,71.1,,,,,,,27.23,84.7,84.9
27.25,70.9,71.1,,,,,,,27.25,84.7,84.9
27.27,70.9,71.1,,,,,,,27.27,84.7,84.9
27.28,70.8,71.1,,,,,,,27.28,84.7,84.9
27.30,70.8,71.1,,,,,,,27.30,84.7,84.9
27.32,70.8,71.1,,,,,,,27.32,84.7,84.9
27.33,70.9,71.1,,,,,,,27.33,84.7,84.9
27.35,70.8,71.1,,,,,,,27.35,84.7,84.9
27.37,70.9,71.1,,,,,,,27.37,84.7,84.9
27.38,70.9,71.1,,,,,,,27.38,84.7,84.9
27.40,70.8,71.1,,,,,,,27.40,84.7,84.9
27.42,70.9,71.1,,,,,,,27.42,84.7,84.9
27.43,70.8,71.1,,,,,,,27.43,84.7,84.9
27.45,70.9,71.1,,,,,,,27.45,84.7,84.9
27.47,70.9,71.1,,,,,,,27.47,84.7,84.9
27.48,70.9,71.1,,,,,,,27.48,84.7,84.9
27.50,70.9,71.1,,,,,,,27.50,84.7,84.9
27.52,70.9,71.1,,,,,,,27.52,84.7,84.9
27.53,71.0,71.1,,,,,,,27.53,84.7,84.9
27.55,71.0,71.1,,,,,,,27.55,84.7,84.9
27.57,71.0,71.1,,,,,,,27.57,84.7,84.9
27.58,71.0,71.1,,,,,,,27.58,84.7,84.9
27.60,71.0,71.1,,,,,,,27.60,84.7,84.9
27.62,71.0,71.1,,,,,,,27.62,84.7,84.9
27.63,70.9,71.1,,,,,,,27.63,84.7,84.8
27.65,70.9,71.1,,,,,,,27.65,84.7,84.9
27.67,70.9,71.1,,,,,,,27.67,84.7,84.8
27.68,70.9,71.1,,,,,,,27.68,84.7,84.9
27.70,70.9,71.1,,,,,,,27.70,84.7,84.9
27.72,70.9,71.1,,,,,,,27.72,84.7,84.8
27.73,70.9,71.1,,,,,,,27.73,84.7,84.8
27.75,70.9,71.1,,,,,,,27.75,84.7,84.8
27.77,70.9,71.1,,,,,,,27.77,84.7,84.8
27.78,70.9,71.1,,,,,,,27.78,84.7,84.8
27.80,70.9,71.1,,,,,,,27.80,84.7,84.8
27.82,70.8,71.0,,,,,,,27.82,84.7,84.8
27.83,70.8,71.0,,,,,,,27.83,84.7,84.8
27.85,70.8,71.0,,,,,,,27.85,84.7,84.8
27.87,70.8,71.1,,,,,,,27.87,84.7,84.8
27.88,70.9,71.1,,,,,,,27.88,84.7,84.9
27.90,70.9,71.1,,,,,,,27.90,84.7,84.9
27.92,70.8,71.1,,,,,,,27.92,84.7,84.8
27.93,71.0,71.1,,,,,,,27.93,84.7,84.9
27.95,70.9,71.1,,,,,,,27.95,84.7,84.9
27.97,70.9,71.2,,,,,,,27.97,84.7,84.9
27.98,70.9,71.2,,,,,,,27.98,84.7,84.9
28.00,70.9,71.2,,,,,,,28.00,84.7,84.9
28.02,70.9,71.1,,,,,,,28.02,84.7,84.9
28.03,71.0,71.2,,,,,,,28.03,84.7,84.9
28.05,70.9,71.2,,,,,,,28.05,84.7,84.9
28.07,70.9,71.2,,,,,,,28.07,84.7,84.8
28.08,70.9,71.2,,,,,,,28.08,84.7,84.8
28.10,71.0,71.2,,,,,,,28.10,84.7,84.9
28.12,71.0,71.3,,,,,,,28.12,84.7,84.8
28.13,71.1,71.3,,,,,,,28.13,84.7,84.8
28.15,71.2,71.3,,,,,,,28.15,84.7,84.9
28.17,71.2,71.3,,,,,,,28.17,84.7,84.8
28.18,71.2,71.3,,,,,,,28.18,84.7,84.8
28.20,71.2,71.3,,,,,,,28.20,84.7,84.8
28.22,71.2,71.3,,,,,,,28.22,84.7,84.9
28.23,71.3,71.3,,,,,,,28.23,84.7,84.8
28.25,71.3,71.3,,,,,,,28.25,84.7,84.8
28.27,71.3,71.3,,,,,,,28.27,84.7,84.8
28.28,71.3,71.3,,,,,,,28.28,84.7,84.9
28.30,71.2,71.3,,,,,,,28.30,84.7,84.8
28.32,71.2,71.2,,,,,,,28.32,84.7,84.9
28.33,71.2,71.2,,,,,,,28.33,84.7,84.8
28.35,71.2,71.2,,,,,,,28.35,84.7,84.9
28.37,71.2,71.2,,,,,,,28.37,84.7,84.9
28.38,71.1,71.2,,,,,,,28.38,84.7,84.8
28.40,71.2,71.3,,,,,,,28.40,84.7,84.8
28.42,71.1,71.2,,,,,,,28.42,84.7,84.8
28.43,71.1,71.2,,,,,,,28.43,84.7,84.9
28.45,71.1,71.2,,,,,,,28.45,84.7,84.8
28.47,71.1,71.2,,,,,,,28.47,84.7,84.9
28.48,71.1,71.2,,,,,,,28.48,84.7,84.8
28.50,71.1,71.2,,,,,,,28.50,84.7,84.8
28.52,71.1,71.2,,,,,,,28.52,84.7,84.9
28.53,71.1,71.2,,,,,,,28.53,84.7,84.8
28.55,71.0,71.2,,,,,,,28.55,84.7,84.8
28.57,71.1,71.2,,,,,,,28.57,84.7,84.8
28.58,71.0,71.1,,,,,,,28.58,84.7,84.8
28.60,71.0,71.2,,,,,,,28.60,84.7,84.8
28.62,71.0,71.1,,,,,,,28.62,84.7,84.8
28.63,71.0,71.2,,,,,,,28.63,84.7,84.8
28.65,71.0,71.2,,,,,,,28.65,84.7,84.8
28.67,71.0,71.2,,,,,,,28.67,84.7,84.8
28.68,71.0,71.2,,,,,,,28.68,84.7,84.8
28.70,71.0,71.2,,,,,,,28.70,84.7,84.8
28.72,71.1,71.2,,,,,,,28.72,84.7,84.8
28.73,71.0,71.2,,,,,,,28.73,84.7,84.9
28.75,71.0,71.2,,,,,,,28.75,84.7,84.8
28.77,71.0,71.2,,,,,,,28.77,84.7,84.8
28.78,71.0,71.2,,,,,,,28.78,84.7,84.8
28.80,71.0,71.2,,,,,,,28.80,84.7,84.8
28.82,71.0,71.2,,,,,,,28.82,84.7,84.9
28.83,71.0,71.2,,,,,,,28.83,84.7,84.8
28.85,71.0,71.2,,,,,,,28.85,84.7,84.8
28.87,71.0,71.2,,,,,,,28.87,84.7,84.8
28.88,71.0,71.2,,,,,,,28.88,84.7,84.8
28.90,71.0,71.2,,,,,,,28.90,84.7,84.8
28.92,71.0,71.2,,,,,,,28.92,84.7,84.8
28.93,71.0,71.2,,,,,,,28.93,84.7,84.8
28.95,71.0,71.2,,,,,,,28.95,84.7,84.8
28.97,71.0,71.2,,,,,,,28.97,84.7,84.8
28.98,71.1,71.2,,,,,,,28.98,84.7,84.8
29.00,71.1,71.2,,,,,,,29.00,84.7,84.8
29.02,71.1,71.2,,,,,,,29.02,84.7,84.8
29.03,71.0,71.3,,,,,,,29.03,84.7,84.8
29.05,71.0,71.3,,,,,,,29.05,84.7,84.8
29.07,71.0,71.2,,,,,,,29.07,84.7,84.9
29.08,71.0,71.2,,,,,,,29.08,84.7,84.8
29.10,71.0,71.3,,,,,,,29.10,84.7,84.9
29.12,71.0,71.2,,,,,,,29.12,84.7,84.8
29.13,71.0,71.2,,,,,,,29.13,84.7,84.8
29.15,71.0,71.2,,,,,,,29.15,84.7,84.8
29.17,71.0,71.2,,,,,,,29.17,84.7,84.8
29.18,71.0,71.2,,,,,,,29.18,84.7,84.8
29.20,71.0,71.2,,,,,,,29.20,84.7,84.8
29.22,71.0,71.2,,,,,,,29.22,84.7,84.8
29.23,71.0,71.2,,,,,,,29.23,84.7,84.8
29.25,71.0,71.1,,,,,,,29.25,84.7,84.8
29.27,71.0,71.2,,,,,,,29.27,84.7,84.8
29.28,71.0,71.2,,,,,,,29.28,84.7,84.8
29.30,70.9,71.1,,,,,,,29.30,84.7,84.8
29.32,70.9,71.1,,,,,,,29.32,84.7,84.8
29.33,70.9,71.1,,,,,,,29.33,84.7,84.8
29.35,71.0,71.1,,,,,,,29.35,84.7,84.8
29.37,71.0,71.1,,,,,,,29.37,84.7,84.8
29.38,71.0,71.1,,,,,,,29.38,84.7,84.8
29.40,71.0,71.1,,,,,,,29.40,84.7,84.8
29.42,71.0,71.1,,,,,,,29.42,84.7,84.8
29.43,71.0,71.1,,,,,,,29.43,84.7,84.8
29.45,71.0,71.2,,,,,,,29.45,84.7,84.8
29.47,71.0,71.2,,,,,,,29.47,84.7,84.8
29.48,71.0,71.1,,,,,,,29.48,84.7,84.8
29.50,71.0,71.1,,,,,,,29.50,84.7,84.8
29.52,71.0,71.2,,,,,,,29.52,84.7,84.8
29.53,71.0,71.1,,,,,,,29.53,84.7,84.8
29.55,71.0,71.1,,,,,,,29.55,84.7,84.8
29.57,71.0,71.1,,,,,,,29.57,84.7,84.8
29.58,71.0,71.2,,,,,,,29.58,84.7,84.8
29.60,71.0,71.1,,,,,,,29.60,84.7,84.8
29.62,71.0,71.2,,,,,,,29.62,84.7,84.8
29.63,71.0,71.2,,,,,,,29.63,84.7,84.8
29.65,71.0,71.2,,,,,,,29.65,84.7,84.8
29.67,71.0,71.2,,,,,,,29.67,84.7,84.8
29.68,71.0,71.2,,,,,,,29.68,84.7,84.8
29.70,71.0,71.2,,,,,,,29.70,84.7,84.8
29.72,71.0,71.2,,,,,,,29.72,84.7,84.8
29.73,71.0,71.2,,,,,,,29.73,84.7,84.8
29.75,71.0,71.2,,,,,,,29.75,84.7,84.8
29.77,71.1,71.2,,,,,,,29.77,84.7,84.8
29.78,71.1,71.3,,,,,,,29.78,84.7,84.8
29.80,71.1,71.2,,,,,,,29.80,84.7,84.8
29.82,71.1,71.2,,,,,,,29.82,84.7,84.8
29.83,71.1,71.2,,,,,,,29.83,84.7,84.8
29.85,71.0,71.2,,,,,,,29.85,84.7,84.8
29.87,71.0,71.2,,,,,,,29.87,84.7,84.8
29.88,71.0,71.2,,,,,,,29.88,84.7,84.8
29.90,71.0,71.2,,,,,,,29.90,84.7,84.8
29.92,71.0,71.2,,,,,,,29.92,84.7,84.8
29.93,71.0,71.2,,,,,,,29.93,84.7,84.8
29.95,71.0,71.2,,,,,,,29.95,84.7,84.8
29.97,71.0,71.2,,,,,,,29.97,84.7,84.8
29.98,71.0,71.2,,,,,,,29.98,84.7,84.8
30.00,71.0,71.2,,,,,,,30.00,84.7,84.8
30.02,71.0,71.2,,,,,,,30.02,84.7,84.8
30.03,71.0,71.2,,,,,,,30.03,84.7,84.8
30.05,71.0,71.2,,,,,,,30.05,84.7,84.8
30.07,71.0,71.2,,,,,,,30.07,84.7,84.8
30.08,71.0,71.2,,,,,,,30.08,84.7,84.8
30.10,71.0,71.2,,,,,,,30.10,84.7,84.8
30.12,71.0,71.2,,,,,,,30.12,84.7,84.8
30.13,71.0,71.2,,,,,,,30.13,84.7,84.8
30.15,71.0,71.2,,,,,,,30.15,84.7,84.8
30.17,71.0,71.1,,,,,,,30.17,84.7,84.8
30.18,71.0,71.2,,,,,,,30.18,84.7,84.8
30.20,71.0,71.2,,,,,,,30.20,84.7,84.8
30.22,71.0,71.2,,,,,,,30.22,84.7,84.8
30.23,71.0,71.2,,,,,,,30.23,84.7,84.8
30.25,71.0,71.2,,,,,,,30.25,84.7,84.8
30.27,71.0,71.2,,,,,,,30.27,84.7,84.8
30.28,71.0,71.2,,,,,,,30.28,84.7,84.8
30.30,71.0,71.2,,,,,,,30.30,84.7,84.8
30.32,71.0,71.2,,,,,,,30.32,84.7,84.8
30.33,71.1,71.3,,,,,,,30.33,84.7,84.8
30.35,71.1,71.3,,,,,,,30.35,84.7,84.8
30.37,71.1,71.3,,,,,,,30.37,84.7,84.8
30.38,71.1,71.3,,,,,,,30.38,84.7,84.8
30.40,71.1,71.3,,,,,,,30.40,84.7,84.8
30.42,71.1,71.3,,,,,,,30.42,84.7,84.8
30.43,71.0,71.3,,,,,,,30.43,84.7,84.8
30.45,71.1,71.3,,,,,,,30.45,84.7,84.8
30.47,71.1,71.3,,,,,,,30.47,84.7,84.8
30.48,71.1,71.3,,,,,,,30.48,84.7,84.9
30.50,71.1,71.3,,,,,,,30.50,84.7,84.8
30.52,71.1,71.3,,,,,,,30.52,84.7,84.8
30.53,71.1,71.3,,,,,,,30.53,84.7,84.8
30.55,71.1,71.3,,,,,,,30.55,84.7,84.8
30.57,71.1,71.3,,,,,,,30.57,84.7,84.9
30.58,71.1,71.3,,,,,,,30.58,84.7,84.9
30.60,71.1,71.3,,,,,,,30.60,84.7,84.8
30.62,71.1,71.3,,,,,,,30.62,84.7,84.8
30.63,71.1,71.3,,,,,,,30.63,84.7,84.9
30.65,71.1,71.3,,,,,,,30.65,84.7,84.9
30.67,71.1,71.3,,,,,,,30.67,84.7,84.9
30.68,71.1,71.3,,,,,,,30.68,84.7,84.9
30.70,71.1,71.3,,,,,,,30.70,84.7,84.8
30.72,71.1,71.3,,,,,,,30.72,84.7,84.9
30.73,71.2,71.3,,,,,,,30.73,84.7,84.8
30.75,71.2,71.3,,,,,,,30.75,84.7,84.8
30.77,71.2,71.3,,,,,,,30.77,84.7,84.8
30.78,71.2,71.3,,,,,,,30.78,84.7,84.9
30.80,71.2,71.3,,,,,,,30.80,84.7,84.9
30.82,71.1,71.3,,,,,,,30.82,84.7,84.8
30.83,71.1,71.3,,,,,,,30.83,84.7,84.9
30.85,71.1,71.3,,,,,,,30.85,84.7,84.8
30.87,71.1,71.3,,,,,,,30.87,84.7,84.8
30.88,71.1,71.3,,,,,,,30.88,84.7,84.8
30.90,71.1,71.3,,,,,,,30.90,84.7,84.8
30.92,71.1,71.3,,,,,,,30.92,84.7,84.8
30.93,71.1,71.3,,,,,,,30.93,84.7,84.8
30.95,71.1,71.3,,,,,,,30.95,84.7,84.8
30.97,71.1,71.3,,,,,,,30.97,84.7,84.9
30.98,71.1,71.3,,,,,,,30.98,84.7,84.8
31.00,71.1,71.3,,,,,,,31.00,84.7,84.8
31.02,71.1,71.3,,,,,,,31.02,84.7,84.8
31.03,71.0,71.2,,,,,,,31.03,84.7,84.8
31.05,71.0,71.2,,,,,,,31.05,84.7,84.8
31.07,71.0,71.2,,,,,,,31.07,84.7,84.8
31.08,71.0,71.2,,,,,,,31.08,84.7,84.8
31.10,71.1,71.2,,,,,,,31.10,84.7,84.9
31.12,71.0,71.2,,,,,,,31.12,84.7,84.8
31.13,71.0,71.2,,,,,,,31.13,84.7,84.9
31.15,71.1,71.2,,,,,,,31.15,84.7,84.8
31.17,71.1,71.2,,,,,,,31.17,84.7,84.8
31.18,71.1,71.2,,,,,,,31.18,84.7,84.8
31.20,71.1,71.3,,,,,,,31.20,84.7,84.9
31.22,71.1,71.2,,,,,,,31.22,84.7,84.8
31.23,71.1,71.2,,,,,,,31.23,84.7,84.8
31.25,71.0,71.2,,,,,,,31.25,84.7,84.8
31.27,71.0,71.2,,,,,,,31.27,84.7,84.9
31.28,71.0,71.2,,,,,,,31.28,84.7,84.8
31.30,71.1,71.3,,,,,,,31.30,84.7,84.8
31.32,71.1,71.2,,,,,,,31.32,84.7,84.8
31.33,71.1,71.2,,,,,,,31.33,84.7,84.8
31.35,71.0,71.2,,,,,,,31.35,84.7,84.8
31.37,71.0,71.2,,,,,,,31.37,84.7,84.9
31.38,71.0,71.2,,,,,,,31.38,84.7,84.8
31.40,71.0,71.2,,,,,,,31.40,84.7,84.9
31.42,71.0,71.2,,,,,,,31.42,84.7,84.8
31.43,71.1,71.3,,,,,,,31.43,84.7,84.8
31.45,71.1,71.3,,,,,,,31.45,84.7,84.9
31.47,71.1,71.3,,,,,,,31.47,84.7,84.8
31.48,71.1,71.3,,,,,,,31.48,84.7,84.9
31.50,71.1,71.3,,,,,,,31.50,84.7,84.9
31.52,71.1,71.3,,,,,,,31.52,84.7,84.8
31.53,71.1,71.3,,,,,,,31.53,84.7,84.9
31.55,71.1,71.3,,,,,,,31.55,84.7,84.9
31.57,71.1,71.3,,,,,,,31.57,84.7,84.8
31.58,71.0,71.3,,,,,,,31.58,84.7,84.9
31.60,71.1,71.2,,,,,,,31.60,84.7,84.9
31.62,71.1,71.2,,,,,,,31.62,84.7,84.9
31.63,71.1,71.3,,,,,,,31.63,84.7,84.9
31.65,71.0,71.3,,,,,,,31.65,84.7,84.9
31.67,71.0,71.2,,,,,,,31.67,84.7,84.9
31.68,71.0,71.2,,,,,,,31.68,84.7,84.9
31.70,71.0,71.2,,,,,,,31.70,84.7,84.9
31.72,71.0,71.2,,,,,,,31.72,84.7,84.9
31.73,71.0,71.2,,,,,,,31.73,84.7,84.8
31.75,71.0,71.2,,,,,,,31.75,84.6,84.9
31.77,71.0,71.2,,,,,,,31.77,84.6,84.9
31.78,71.0,71.2,,,,,,,31.78,84.6,84.9
31.80,71.0,71.2,,,,,,,31.80,84.7,84.8
31.82,71.0,71.2,,,,,,,31.82,84.7,84.8
31.83,71.0,71.2,,,,,,,31.83,84.7,84.9
31.85,71.0,71.2,,,,,,,31.85,84.7,84.9
31.87,71.0,71.2,,,,,,,31.87,84.7,84.8
31.88,71.0,71.2,,,,,,,31.88,84.7,84.9
31.90,71.0,71.2,,,,,,,31.90,84.7,84.9
31.92,71.0,71.2,,,,,,,31.92,84.7,84.9
31.93,71.0,71.2,,,,,,,31.93,84.7,84.9
31.95,71.0,71.1,,,,,,,31.95,84.6,84.9
31.97,71.0,71.2,,,,,,,31.97,84.7,84.9
31.98,71.0,71.2,,,,,,,31.98,84.7,84.9
32.00,71.0,71.1,,,,,,,32.00,84.7,84.9
32.02,71.0,71.2,,,,,,,32.02,84.7,84.9
32.03,71.0,71.2,,,,,,,32.03,84.6,84.9
32.05,71.0,71.2,,,,,,,32.05,84.6,84.9
32.07,71.0,71.2,,,,,,,32.07,84.7,84.9
32.08,71.0,71.2,,,,,,,32.08,84.7,84.9
32.10,71.0,71.2,,,,,,,32.10,84.6,84.9
32.12,71.0,71.1,,,,,,,32.12,84.6,84.9
32.13,71.0,71.1,,,,,,,32.13,84.6,84.9
32.15,71.0,71.1,,,,,,,32.15,84.6,84.9
32.17,71.0,71.1,,,,,,,32.17,84.6,84.9
32.18,71.0,71.1,,,,,,,32.18,84.7,84.9
32.20,71.0,71.1,,,,,,,32.20,84.7,84.9
32.22,71.0,71.1,,,,,,,32.22,84.6,84.9
32.23,71.0,71.1,,,,,,,32.23,84.6,84.9
32.25,71.0,71.1,,,,,,,32.25,84.7,84.9
32.27,71.0,71.1,,,,,,,32.27,84.7,84.9
32.28,71.0,71.1,,,,,,,32.28,84.7,84.9
32.30,71.0,71.1,,,,,,,32.30,84.7,84.9
32.32,71.0,71.1,,,,,,,32.32,84.6,84.9
32.33,71.0,71.1,,,,,,,32.33,84.7,84.9
32.35,71.0,71.1,,,,,,,32.35,84.7,84.9
32.37,71.0,71.1,,,,,,,32.37,84.7,84.9
32.38,71.0,71.1,,,,,,,32.38,84.6,84.9
32.40,71.0,71.1,,,,,,,32.40,84.7,84.9
32.42,71.0,71.1,,,,,,,32.42,84.7,84.9
32.43,71.0,71.1,,,,,,,32.43,84.6,84.9
32.45,71.0,71.1,,,,,,,32.45,84.7,84.9
32.47,71.0,71.1,,,,,,,32.47,84.7,84.9
32.48,71.0,71.1,,,,,,,32.48,84.7,84.9
32.50,71.0,71.1,,,,,,,32.50,84.7,84.9
32.52,71.0,71.1,,,,,,,32.52,84.6,84.9
32.53,71.0,71.1,,,,,,,32.53,84.7,84.9
32.55,71.0,71.1,,,,,,,32.55,84.7,84.9
32.57,71.0,71.1,,,,,,,32.57,84.7,84.9
32.58,71.0,71.1,,,,,,,32.58,84.7,84.9
32.60,71.0,71.1,,,,,,,32.60,84.7,84.9
32.62,70.9,71.1,,,,,,,32.62,84.7,84.9
32.63,70.9,71.1,,,,,,,32.63,84.7,84.9
32.65,70.9,71.1,,,,,,,32.65,84.7,84.9
32.67,70.9,71.0,,,,,,,32.67,84.7,84.9
32.68,70.9,71.1,,,,,,,32.68,84.7,84.9
32.70,70.9,71.1,,,,,,,32.70,84.7,84.9
32.72,70.8,71.1,,,,,,,32.72,84.7,84.9
32.73,70.9,71.1,,,,,,,32.73,84.7,84.9
32.75,70.9,71.1,,,,,,,32.75,84.7,84.9
32.77,70.9,71.1,,,,,,,32.77,84.7,84.9
32.78,70.9,71.1,,,,,,,32.78,84.7,84.9
32.80,70.8,71.1,,,,,,,32.80,84.7,84.9
32.82,70.9,71.1,,,,,,,32.82,84.7,84.9
32.83,70.8,71.1,,,,,,,32.83,84.7,84.9
32.85,70.9,71.1,,,,,,,32.85,84.7,84.9
32.87,70.9,71.1,,,,,,,32.87,84.7,84.9
32.88,70.9,71.1,,,,,,,32.88,84.7,84.9
32.90,70.9,71.1,,,,,,,32.90,84.7,85.0
32.92,70.9,71.1,,,,,,,32.92,84.7,84.9
32.93,70.9,71.1,,,,,,,32.93,84.7,84.9
32.95,70.9,71.1,,,,,,,32.95,84.7,84.9
32.97,70.9,71.1,,,,,,,32.97,84.7,84.9
32.98,70.9,71.1,,,,,,,32.98,84.7,85.0
33.00,70.8,70.9,,,,,,,33.00,84.7,85.0
33.02,70.8,71.1,,,,,,,33.02,84.7,85.0
33.03,70.9,71.1,,,,,,,33.03,84.7,84.9
33.05,70.9,71.1,,,,,,,33.05,84.7,85.0
33.07,70.9,71.1,,,,,,,33.07,84.7,85.0
33.08,70.8,71.1,,,,,,,33.08,84.7,85.0
33.10,70.9,71.1,,,,,,,33.10,84.7,85.0
33.12,70.9,71.1,,,,,,,33.12,84.7,85.0
33.13,70.9,71.1,,,,,,,33.13,84.7,85.0
33.15,70.9,71.1,,,,,,,33.15,84.7,85.0
33.17,70.9,71.1,,,,,,,33.17,84.7,84.9
33.18,70.9,71.1,,,,,,,33.18,84.7,84.9
33.20,70.9,71.1,,,,,,,33.20,84.7,84.9
33.22,70.9,71.1,,,,,,,33.22,84.7,84.9
33.23,70.9,71.1,,,,,,,33.23,84.7,84.9
33.25,70.9,71.1,,,,,,,33.25,84.7,84.9
33.27,71.0,71.1,,,,,,,33.27,84.7,85.0
33.28,71.0,71.1,,,,,,,33.28,84.7,85.0
33.30,71.0,71.1,,,,,,,33.30,84.7,85.0
33.32,71.0,71.1,,,,,,,33.32,84.7,85.0
33.33,70.9,71.1,,,,,,,33.33,84.7,85.0
33.35,70.9,71.1,,,,,,,33.35,84.7,85.0
33.37,70.9,71.1,,,,,,,33.37,84.7,85.0
33.38,70.9,71.1,,,,,,,33.38,84.7,84.9
33.40,70.9,71.1,,,,,,,33.40,84.7,84.9
33.42,70.9,71.1,,,,,,,33.42,84.7,85.0
33.43,70.9,71.1,,,,,,,33.43,84.7,84.9
33.45,70.9,71.1,,,,,,,33.45,84.7,85.0
33.47,70.9,71.1,,,,,,,33.47,84.7,84.9
33.48,70.9,71.1,,,,,,,33.48,84.7,84.9
33.50,70.8,71.1,,,,,,,33.50,84.7,84.9
33.52,70.9,71.1,,,,,,,33.52,84.7,85.0
33.53,70.9,71.1,,,,,,,33.53,84.7,85.0
33.55,70.9,71.1,,,,,,,33.55,84.7,85.0
33.57,70.9,71.1,,,,,,,33.57,84.7,84.9
33.58,70.8,71.1,,,,,,,33.58,84.7,85.0
33.60,70.9,71.1,,,,,,,33.60,84.7,85.0
33.62,70.9,71.1,,,,,,,33.62,84.7,85.0
33.63,70.8,71.1,,,,,,,33.63,84.7,85.0
33.65,70.8,71.1,,,,,,,33.65,84.7,85.0
33.67,70.9,71.1,,,,,,,33.67,84.7,85.0
33.68,70.9,71.1,,,,,,,33.68,84.7,85.0
33.70,70.9,71.1,,,,,,,33.70,84.8,85.0
33.72,70.9,71.1,,,,,,,33.72,84.7,85.0
33.73,70.9,71.0,,,,,,,33.73,84.8,85.0
33.75,70.8,71.1,,,,,,,33.75,84.7,85.0
33.77,70.9,71.1,,,,,,,33.77,84.7,85.0
33.78,70.9,71.1,,,,,,,33.78,84.8,85.0
33.80,70.9,71.1,,,,,,,33.80,84.8,85.0
33.82,70.9,71.1,,,,,,,33.82,84.8,85.0
33.83,70.9,71.1,,,,,,,33.83,84.8,85.0
33.85,70.9,71.1,,,,,,,33.85,84.8,85.0
33.87,70.9,71.1,,,,,,,33.87,84.7,85.0
33.88,70.9,71.1,,,,,,,33.88,84.8,85.0
33.90,70.9,71.1,,,,,,,33.90,84.8,85.0
33.92,70.9,71.1,,,,,,,33.92,84.8,85.0
33.93,70.8,71.1,,,,,,,33.93,84.8,85.0
33.95,70.9,71.1,,,,,,,33.95,84.8,85.0
33.97,70.9,71.1,,,,,,,33.97,84.8,85.0
33.98,70.8,71.1,,,,,,,33.98,84.8,85.0
34.00,70.9,71.1,,,,,,,34.00,84.8,85.0
34.02,70.8,71.1,,,,,,,34.02,84.8,85.0
34.03,70.9,71.1,,,,,,,34.03,84.8,85.0
34.05,70.9,71.1,,,,,,,34.05,84.8,85.0
34.07,70.9,71.1,,,,,,,34.07,84.8,85.0
34.08,70.9,71.1,,,,,,,34.08,84.8,85.0
34.10,70.9,71.1,,,,,,,34.10,84.8,85.0
34.12,70.9,71.1,,,,,,,34.12,84.8,85.0
34.13,70.9,71.1,,,,,,,34.13,84.8,85.0
34.15,70.9,71.1,,,,,,,34.15,84.8,85.0
34.17,71.0,71.1,,,,,,,34.17,84.8,85.0
34.18,70.9,71.1,,,,,,,34.18,84.9,85.0
34.20,71.0,71.1,,,,,,,34.20,84.8,85.0
34.22,71.0,71.1,,,,,,,34.22,84.8,85.0
34.23,71.0,71.1,,,,,,,34.23,84.8,85.0
34.25,71.0,71.1,,,,,,,34.25,84.8,85.0
34.27,71.0,71.1,,,,,,,34.27,84.8,85.0
34.28,70.9,71.1,,,,,,,34.28,84.9,85.0
34.30,70.8,71.1,,,,,,,34.30,84.8,85.0
34.32,70.9,71.1,,,,,,,34.32,84.9,85.0
34.33,70.9,71.1,,,,,,,34.33,84.9,85.0
34.35,70.9,71.1,,,,,,,34.35,84.9,85.0
34.37,70.9,71.1,,,,,,,34.37,84.9,85.0
34.38,70.9,71.1,,,,,,,34.38,84.9,85.0
34.40,70.9,71.1,,,,,,,34.40,84.9,85.0
34.42,70.8,71.1,,,,,,,34.42,84.9,85.0
34.43,70.9,71.1,,,,,,,34.43,84.9,85.0
34.45,70.9,71.1,,,,,,,34.45,84.9,85.0
34.47,70.9,71.1,,,,,,,34.47,84.9,85.0
34.48,70.8,71.0,,,,,,,34.48,84.9,85.0
34.50,70.8,71.0,,,,,,,34.50,84.9,85.0
34.52,70.8,71.1,,,,,,,34.52,84.9,85.0
34.53,70.9,71.1,,,,,,,34.53,84.9,85.0
34.55,70.8,71.1,,,,,,,34.55,84.9,85.0
34.57,70.9,71.1,,,,,,,34.57,84.9,85.0
34.58,70.9,71.1,,,,,,,34.58,84.9,85.0
34.60,70.9,71.1,,,,,,,34.60,84.9,85.0
34.62,70.9,71.1,,,,,,,34.62,84.9,85.0
34.63,70.9,71.1,,,,,,,34.63,84.9,85.0
34.65,70.9,71.1,,,,,,,34.65,84.9,85.0
34.67,70.9,71.1,,,,,,,34.67,84.9,85.0
34.68,70.9,71.1,,,,,,,34.68,84.9,85.0
34.70,70.9,71.1,,,,,,,34.70,84.9,85.0
34.72,70.9,71.1,,,,,,,34.72,84.9,85.0
34.73,70.9,71.1,,,,,,,34.73,84.9,85.0
34.75,70.9,71.1,,,,,,,34.75,84.9,85.0
34.77,70.9,71.1,,,,,,,34.77,84.9,85.0
34.78,70.9,71.1,,,,,,,34.78,84.9,85.0
34.80,70.9,71.1,,,,,,,34.80,84.9,85.0
34.82,70.9,71.1,,,,,,,34.82,84.9,85.0
34.83,70.9,71.1,,,,,,,34.83,84.9,85.0
34.85,70.9,71.1,,,,,,,34.85,84.9,85.0
34.87,70.9,71.1,,,,,,,34.87,84.9,85.0
34.88,70.9,71.1,,,,,,,34.88,85.0,85.1
34.90,70.8,71.1,,,,,,,34.90,84.9,85.0
34.92,70.9,71.1,,,,,,,34.92,84.9,85.1
34.93,70.9,71.1,,,,,,,34.93,84.9,85.1
34.95,70.9,71.1,,,,,,,34.95,84.9,85.1
34.97,70.9,71.1,,,,,,,34.97,84.9,85.1
34.98,70.9,71.1,,,,,,,34.98,84.9,85.1
35.00,70.8,71.1,,,,,,,35.00,85.0,85.1
35.02,70.8,71.1,,,,,,,35.02,85.0,85.1
35.03,70.9,71.1,,,,,,,35.03,84.9,85.1
35.05,70.9,71.1,,,,,,,35.05,85.0,85.1
35.07,70.8,71.1,,,,,,,35.07,84.9,85.1
35.08,70.9,71.1,,,,,,,35.08,85.0,85.1
35.10,70.9,71.1,,,,,,,35.10,85.0,85.1
35.12,70.9,71.1,,,,,,,35.12,85.0,85.1
35.13,70.9,71.1,,,,,,,35.13,85.0,85.1
35.15,70.9,71.1,,,,,,,35.15,85.0,85.1
35.17,70.9,71.1,,,,,,,35.17,85.0,85.1
35.18,70.9,71.1,,,,,,,35.18,85.0,85.1
35.20,70.9,71.1,,,,,,,35.20,85.0,85.1
35.22,70.9,71.1,,,,,,,35.22,85.0,85.1
35.23,70.9,71.1,,,,,,,35.23,85.0,85.1
35.25,70.9,71.1,,,,,,,35.25,85.0,85.1
35.27,70.9,71.1,,,,,,,35.27,85.0,85.1
35.28,70.9,71.1,,,,,,,35.28,85.0,85.1
35.30,70.8,71.1,,,,,,,35.30,85.0,85.1
35.32,70.8,71.1,,,,,,,35.32,85.0,85.1
35.33,70.9,71.1,,,,,,,35.33,85.0,85.1
35.35,70.8,71.1,,,,,,,35.35,85.0,85.1
35.37,70.9,71.1,,,,,,,35.37,85.0,85.1
35.38,70.8,71.1,,,,,,,35.38,85.0,85.1
35.40,70.8,71.1,,,,,,,35.40,85.0,85.1
35.42,70.8,71.1,,,,,,,35.42,85.0,85.1
35.43,70.7,71.1,,,,,,,35.43,85.0,85.1
35.45,70.8,71.1,,,,,,,35.45,85.0,85.1
35.47,70.8,71.0,,,,,,,35.47,85.0,85.1
35.48,70.8,71.1,,,,,,,35.48,85.0,85.1
35.50,70.8,71.1,,,,,,,35.50,85.0,85.1
35.52,70.8,71.1,,,,,,,35.52,85.0,85.1
35.53,70.9,71.0,,,,,,,35.53,85.0,85.1
35.55,70.8,71.1,,,,,,,35.55,85.0,85.1
35.57,70.8,71.1,,,,,,,35.57,85.0,85.1
35.58,70.8,71.1,,,,,,,35.58,85.0,85.1
35.60,70.9,71.0,,,,,,,35.60,85.0,85.1
35.62,70.8,71.1,,,,,,,35.62,85.0,85.1
35.63,70.9,71.1,,,,,,,35.63,85.0,85.1
35.65,70.9,71.1,,,,,,,35.65,85.0,85.1
35.67,70.9,71.1,,,,,,,35.67,85.0,85.1
35.68,70.9,71.1,,,,,,,35.68,85.0,85.1
35.70,71.0,71.1,,,,,,,35.70,85.0,85.1
35.72,70.9,71.1,,,,,,,35.72,85.0,85.1
35.73,70.9,71.1,,,,,,,35.73,85.0,85.1
35.75,70.9,71.1,,,,,,,35.75,85.0,85.1
35.77,71.0,71.1,,,,,,,35.77,85.0,85.1
35.78,71.0,71.1,,,,,,,35.78,85.0,85.1
35.80,71.0,71.1,,,,,,,35.80,85.0,85.1
35.82,71.0,71.1,,,,,,,35.82,85.0,85.1
35.83,71.0,71.1,,,,,,,35.83,85.0,85.1
35.85,71.0,71.1,,,,,,,35.85,85.0,85.1
35.87,71.0,71.1,,,,,,,35.87,85.0,85.1
35.88,70.9,71.1,,,,,,,35.88,85.0,85.1
35.90,71.0,71.1,,,,,,,35.90,85.0,85.1
35.92,71.0,71.1,,,,,,,35.92,85.0,85.1
35.93,71.0,71.1,,,,,,,35.93,85.1,85.1
35.95,71.0,71.1,,,,,,,35.95,85.0,85.1
35.97,71.0,71.2,,,,,,,35.97,85.0,85.1
35.98,71.0,71.2,,,,,,,35.98,85.0,85.1
36.00,71.0,71.1,,,,,,,36.00,85.1,85.1
36.02,71.0,71.1,,,,,,,36.02,85.1,85.1
36.03,71.0,71.2,,,,,,,36.03,85.1,85.1
36.05,71.0,71.1,,,,,,,36.05,85.1,85.1
36.07,71.0,71.1,,,,,,,36.07,85.1,85.1
36.08,71.0,71.1,,,,,,,36.08,85.1,85.1
36.10,71.0,71.1,,,,,,,36.10,85.1,85.1
36.12,71.0,71.1,,,,,,,36.12,85.1,85.1
36.13,71.0,71.1,,,,,,,36.13,85.1,85.1
36.15,71.0,71.1,,,,,,,36.15,85.1,85.1
36.17,71.0,71.2,,,,,,,36.17,85.1,85.1
36.18,71.0,71.1,,,,,,,36.18,85.1,85.1
36.20,71.0,71.1,,,,,,,36.20,85.1,85.2
36.22,71.0,71.1,,,,,,,36.22,85.1,85.2
36.23,70.9,71.1,,,,,,,36.23,85.1,85.2
36.25,71.0,71.1,,,,,,,36.25,85.1,85.2
36.27,71.0,71.1,,,,,,,36.27,85.1,85.1
36.28,71.0,71.1,,,,,,,36.28,85.1,85.1
36.30,71.0,71.1,,,,,,,36.30,85.1,85.1
36.32,71.0,71.1,,,,,,,36.32,85.1,85.2
36.33,71.0,71.1,,,,,,,36.33,85.1,85.2
36.35,71.0,71.1,,,,,,,36.35,85.2,85.2
36.37,71.0,71.1,,,,,,,36.37,85.2,85.2
36.38,71.0,71.1,,,,,,,36.38,85.2,85.2
36.40,71.0,71.1,,,,,,,36.40,85.2,85.2
36.42,71.0,71.1,,,,,,,36.42,85.2,85.2
36.43,71.0,71.1,,,,,,,36.43,85.2,85.2
36.45,71.0,71.1,,,,,,,36.45,85.2,85.2
36.47,71.0,71.1,,,,,,,36.47,85.2,85.2
36.48,71.0,71.1,,,,,,,36.48,85.2,85.2
36.50,70.8,71.1,,,,,,,36.50,85.2,85.2
36.52,70.9,71.1,,,,,,,36.52,85.2,85.2
36.53,70.8,71.1,,,,,,,36.53,85.2,85.2
36.55,70.9,71.1,,,,,,,36.55,85.2,85.2
36.57,70.9,71.1,,,,,,,36.57,85.2,85.2
36.58,71.0,71.1,,,,,,,36.58,85.2,85.2
36.60,71.0,71.1,,,,,,,36.60,85.2,85.2
36.62,71.0,71.1,,,,,,,36.62,85.2,85.2
36.63,71.0,71.1,,,,,,,36.63,85.2,85.2
36.65,71.0,71.1,,,,,,,36.65,85.2,85.2
36.67,71.0,71.1,,,,,,,36.67,85.2,85.2
36.68,71.0,71.1,,,,,,,36.68,85.2,85.2
36.70,71.0,71.1,,,,,,,36.70,85.2,85.2
36.72,71.0,71.1,,,,,,,36.72,85.2,85.2
36.73,71.0,71.2,,,,,,,36.73,85.2,85.2
36.75,71.0,71.2,,,,,,,36.75,85.2,85.3
36.77,71.0,71.2,,,,,,,36.77,85.3,85.2
36.78,71.0,71.2,,,,,,,36.78,85.2,85.2
36.80,71.0,71.1,,,,,,,36.80,85.3,85.2
36.82,71.0,71.2,,,,,,,36.82,85.3,85.2
36.83,71.0,71.1,,,,,,,36.83,85.3,85.2
36.85,71.0,71.1,,,,,,,36.85,85.3,85.2
36.87,71.0,71.1,,,,,,,36.87,85.3,85.3
36.88,71.0,71.1,,,,,,,36.88,85.3,85.3
36.90,71.0,71.1,,,,,,,36.90,85.3,85.2
36.92,71.0,71.1,,,,,,,36.92,85.3,85.3
36.93,71.0,71.1,,,,,,,36.93,85.3,85.2
36.95,71.0,71.1,,,,,,,36.95,85.3,85.3
36.97,71.0,71.1,,,,,,,36.97,85.3,85.3
36.98,71.0,71.1,,,,,,,36.98,85.3,85.3
37.00,70.9,71.1,,,,,,,37.00,85.3,85.3
37.02,70.9,71.1,,,,,,,37.02,85.3,85.3
37.03,70.9,71.1,,,,,,,37.03,85.3,85.3
37.05,71.0,71.1,,,,,,,37.05,85.3,85.3
37.07,71.0,71.1,,,,,,,37.07,85.3,85.3
37.08,71.0,71.1,,,,,,,37.08,85.3,85.3
37.10,71.0,71.2,,,,,,,37.10,85.3,85.3
37.12,71.0,71.1,,,,,,,37.12,85.3,85.3
37.13,71.0,71.1,,,,,,,37.13,85.3,85.3
37.15,71.0,71.2,,,,,,,37.15,85.3,85.3
37.17,71.0,71.2,,,,,,,37.17,85.3,85.3
37.18,71.0,71.2,,,,,,,37.18,85.3,85.3
37.20,71.0,71.2,,,,,,,37.20,85.4,85.3
37.22,71.0,71.1,,,,,,,37.22,85.4,85.3
37.23,71.0,71.2,,,,,,,37.23,85.4,85.4
37.25,71.0,71.3,,,,,,,37.25,85.3,85.4
37.27,71.0,71.2,,,,,,,37.27,85.3,85.3
37.28,71.0,71.2,,,,,,,37.28,85.3,85.3
37.30,71.0,71.2,,,,,,,37.30,85.4,85.3
37.32,71.0,71.2,,,,,,,37.32,85.4,85.4
37.33,71.0,71.1,,,,,,,37.33,85.4,85.4
37.35,71.0,71.1,,,,,,,37.35,85.4,85.4
37.37,71.0,71.2,,,,,,,37.37,85.4,85.4
37.38,70.9,71.2,,,,,,,37.38,85.4,85.4
37.40,71.0,71.1,,,,,,,37.40,85.4,85.4
37.42,71.0,71.2,,,,,,,37.42,85.4,85.4
37.43,71.0,71.2,,,,,,,37.43,85.4,85.4
37.45,71.0,71.2,,,,,,,37.45,85.4,85.4
37.47,71.0,71.1,,,,,,,37.47,85.4,85.4
37.48,71.0,71.1,,,,,,,37.48,85.4,85.4
37.50,71.0,71.1,,,,,,,37.50,85.4,85.4
37.52,71.0,71.1,,,,,,,37.52,85.4,85.4
37.53,70.9,71.1,,,,,,,37.53,85.4,85.4
37.55,70.9,71.1,,,,,,,37.55,85.4,85.4
37.57,70.9,71.1,,,,,,,37.57,85.4,85.4
37.58,70.9,71.2,,,,,,,37.58,85.5,85.4
37.60,70.9,71.1,,,,,,,37.60,85.4,85.4
37.62,70.9,71.2,,,,,,,37.62,85.5,85.4
37.63,71.0,71.1,,,,,,,37.63,85.5,85.4
37.65,71.0,71.1,,,,,,,37.65,85.5,85.4
37.67,71.0,71.2,,,,,,,37.67,85.5,85.4
37.68,71.0,71.2,,,,,,,37.68,85.5,85.4
37.70,71.0,71.2,,,,,,,37.70,85.5,85.4
37.72,71.0,71.2,,,,,,,37.72,85.5,85.4
37.73,71.0,71.2,,,,,,,37.73,85.5,85.4
37.75,71.0,71.2,,,,,,,37.75,85.5,85.4
37.77,71.0,71.1,,,,,,,37.77,85.5,85.4
37.78,71.0,71.2,,,,,,,37.78,85.5,85.4
37.80,71.0,71.3,,,,,,,37.80,85.5,85.4
37.82,71.0,71.3,,,,,,,37.82,85.5,85.4
37.83,71.0,71.3,,,,,,,37.83,85.5,85.4
37.85,71.0,71.3,,,,,,,37.85,85.5,85.4
37.87,71.0,71.2,,,,,,,37.87,85.5,85.4
37.88,71.0,71.2,,,,,,,37.88,85.5,85.4
37.90,71.0,71.2,,,,,,,37.90,85.5,85.4
37.92,71.0,71.2,,,,,,,37.92,85.5,85.4
37.93,71.0,71.2,,,,,,,37.93,85.5,85.4
37.95,71.0,71.2,,,,,,,37.95,85.6,85.5
,,,,,,,,,37.97,85.6,85.4
,,,,,,,,,37.98,85.6,85.4
,,,,,,,,,38.00,85.6,85.5
,,,,,,,,,38.02,85.6,85.5
,,,,,,,,,38.03,85.6,85.5
,,,,,,,,,38.05,85.6,85.5
,,,,,,,,,38.07,85.6,85.5
,,,,,,,,,38.08,85.6,85.5
,,,,,,,,,38.10,85.6,85.5
,,,,,,,,,38.12,85.6,85.5
,,,,,,,,,38.13,85.6,85.5
,,,,,,,,,38.15,85.6,85.5
,,,,,,,,,38.17,85.6,85.5
,,,,,,,,,38.18,85.6,85.5
,,,,,,,,,38.20,85.6,85.5
,,,,,,,,,38.22,85.6,85.5
,,,,,,,,,38.23,85.6,85.5
,,,,,,,,,38.25,85.6,85.5
,,,,,,,,,38.27,85.6,85.5
,,,,,,,,,38.28,85.6,85.5
,,,,,,,,,38.30,85.6,85.5
,,,,,,,,,38.32,85.6,85.5
,,,,,,,,,38.33,85.6,85.5
,,,,,,,,,38.35,85.6,85.5
,,,,,,,,,38.37,85.6,85.5
,,,,,,,,,38.38,85.6,85.5
,,,,,,,,,38.40,85.6,85.5
,,,,,,,,,38.42,85.7,85.6
,,,,,,,,,38.43,85.7,85.5
,,,,,,,,,38.45,85.6,85.5
,,,,,,,,,38.47,85.7,85.5
,,,,,,,,,38.48,85.7,85.5
,,,,,,,,,38.50,85.7,85.5
,,,,,,,,,38.52,85.7,85.6
,,,,,,,,,38.53,85.7,85.6
,,,,,,,,,38.55,85.7,85.6
,,,,,,,,,38.57,85.7,85.6
,,,,,,,,,38.58,85.7,85.6
,,,,,,,,,38.60,85.7,85.6
,,,,,,,,,38.62,85.7,85.6
,,,,,,,,,38.63,85.7,85.6
,,,,,,,,,38.65,85.7,85.6
,,,,,,,,,38.67,85.7,85.6
,,,,,,,,,38.68,85.7,85.6
,,,,,,,,,38.70,85.7,85.6
,,,,,,,,,38.72,85.7,85.6
,,,,,,,,,38.73,85.7,85.6
,,,,,,,,,38.75,85.7,85.7
,,,,,,,,,38.77,85.7,85.6
,,,,,,,,,38.78,85.8,85.7
,,,,,,,,,38.80,85.8,85.7
,,,,,,,,,38.82,85.7,85.7
,,,,,,,,,38.83,85.8,85.7
,,,,,,,,,38.85,85.8,85.7
,,,,,,,,,38.87,85.8,85.7
,,,,,,,,,38.88,85.8,85.7
,,,,,,,,,38.90,85.8,85.7
,,,,,,,,,38.92,85.7,85.7
,,,,,,,,,38.93,85.7,85.7
,,,,,,,,,38.95,85.7,85.7
,,,,,,,,,38.97,85.7,85.7
,,,,,,,,,38.98,85.7,85.7
,,,,,,,,,39.00,85.7,85.7
,,,,,,,,,39.02,85.7,85.7
,,,,,,,,,39.03,85.7,85.7
,,,,,,,,,39.05,85.7,85.7
,,,,,,,,,39.07,85.7,85.7
,,,,,,,,,39.08,85.8,85.7
,,,,,,,,,39.10,85.8,85.7
,,,,,,,,,39.12,85.8,85.7
,,,,,,,,,39.13,85.8,85.7
,,,,,,,,,39.15,85.8,85.7
,,,,,,,,,39.17,85.8,85.7
,,,,,,,,,39.18,85.8,85.7
,,,,,,,,,39.20,85.8,85.7
,,,,,,,,,39.22,85.8,85.7
,,,,,,,,,39.23,85.8,85.7
,,,,,,,,,39.25,85.8,85.8
,,,,,,,,,39.27,85.9,85.8
,,,,,,,,,39.28,85.8,85.8
,,,,,,,,,39.30,85.9,85.8
,,,,,,,,,39.32,85.9,85.8
,,,,,,,,,39.33,85.9,85.8
,,,,,,,,,39.35,85.9,85.8
,,,,,,,,,39.37,85.9,85.8
,,,,,,,,,39.38,85.9,85.8
,,,,,,,,,39.40,85.9,85.8
,,,,,,,,,39.42,85.9,85.8
,,,,,,,,,39.43,85.9,85.8
,,,,,,,,,39.45,85.9,85.8
,,,,,,,,,39.47,85.9,85.8
,,,,,,,,,39.48,85.9,85.8
,,,,,,,,,39.50,85.9,85.8
,,,,,,,,,39.52,85.9,85.8
,,,,,,,,,39.53,85.9,85.8
,,,,,,,,,39.55,85.9,85.8
,,,,,,,,,39.57,85.9,85.8
,,,,,,,,,39.58,85.9,85.8
,,,,,,,,,39.60,85.9,85.8
,,,,,,,,,39.62,85.9,85.8
,,,,,,,,,39.63,85.9,85.8
,,,,,,,,,39.65,85.9,85.8
,,,,,,,,,39.67,85.9,85.8
,,,,,,,,,39.68,85.9,85.8
,,,,,,,,,39.70,85.9,85.8
,,,,,,,,,39.72,85.9,85.8
,,,,,,,,,39.73,86.0,85.9
,,,,,,,,,39.75,86.0,85.9
,,,,,,,,,39.77,86.0,85.9
,,,,,,,,,39.78,86.0,85.9
,,,,,,,,,39.80,86.0,85.9
,,,,,,,,,39.82,86.0,85.9
,,,,,,,,,39.83,86.0,85.9
,,,,,,,,,39.85,86.0,85.9
,,,,,,,,,39.87,86.0,85.9
,,,,,,,,,39.88,86.0,85.9
,,,,,,,,,39.90,86.0,85.9
,,,,,,,,,39.92,86.0,85.9
,,,,,,,,,39.93,86.0,85.9
,,,,,,,,,39.95,86.0,85.9
,,,,,,,,,39.97,86.0,85.9
,,,,,,,,,39.98,86.0,85.9
,,,,,,,,,40.00,86.0,85.9
,,,,,,,,,40.02,86.0,85.9
,,,,,,,,,40.03,86.0,85.9
,,,,,,,,,40.05,86.0,85.9
,,,,,,,,,40.07,86.1,85.9
,,,,,,,,,40.08,86.1,85.9
,,,,,,,,,40.10,86.1,85.9
,,,,,,,,,40.12,86.1,85.9
,,,,,,,,,40.13,86.1,85.9
,,,,,,,,,40.15,86.1,85.9
,,,,,,,,,40.17,86.1,85.9
,,,,,,,,,40.18,86.1,86.0
,,,,,,,,,40.20,86.1,86.0
,,,,,,,,,40.22,86.1,86.0
,,,,,,,,,40.23,86.1,86.0
,,,,,,,,,40.25,86.1,86.0
,,,,,,,,,40.27,86.2,86.0
,,,,,,,,,40.28,86.2,86.0
,,,,,,,,,40.30,86.2,86.0
,,,,,,,,,40.32,86.2,86.0
,,,,,,,,,40.33,86.2,86.0
,,,,,,,,,40.35,86.2,86.0
,,,,,,,,,40.37,86.2,86.0
,,,,,,,,,40.38,86.2,86.0
,,,,,,,,,40.40,86.2,86.0
,,,,,,,,,40.42,86.2,86.0
,,,,,,,,,40.43,86.2,86.0
,,,,,,,,,40.45,86.2,86.0
,,,,,,,,,40.47,86.2,86.0
,,,,,,,,,40.48,86.2,86.0
,,,,,,,,,40.50,86.2,86.0
,,,,,,,,,40.52,86.2,86.0
,,,,,,,,,40.53,86.2,86.0
,,,,,,,,,40.55,86.3,86.0
,,,,,,,,,40.57,86.2,86.0
,,,,,,,,,40.58,86.3,86.0
,,,,,,,,,40.60,86.3,86.0
,,,,,,,,,40.62,86.3,86.0
,,,,,,,,,40.63,86.2,86.0
,,,,,,,,,40.65,86.3,86.0
,,,,,,,,,40.67,86.2,86.1
,,,,,,,,,40.68,86.3,86.0
,,,,,,,,,40.70,86.3,86.0
,,,,,,,,,40.72,86.3,86.1
,,,,,,,,,40.73,86.3,86.1
,,,,,,,,,40.75,86.3,86.1
,,,,,,,,,40.77,86.3,86.1
,,,,,,,,,40.78,86.3,86.0
,,,,,,,,,40.80,86.3,86.1
,,,,,,,,,40.82,86.3,86.1
,,,,,,,,,40.83,86.3,86.0
,,,,,,,,,40.85,86.3,86.1
,,,,,,,,,40.87,86.3,86.1
,,,,,,,,,40.88,86.3,86.1
,,,,,,,,,40.90,86.3,86.1
,,,,,,,,,40.92,86.3,86.1
,,,,,,,,,40.93,86.3,86.2
,,,,,,,,,40.95,86.4,86.1
,,,,,,,,,40.97,86.4,86.1
,,,,,,,,,40.98,86.4,86.2
,,,,,,,,,41.00,86.4,86.1
,,,,,,,,,41.02,86.4,86.2
,,,,,,,,,41.03,86.4,86.2
,,,,,,,,,41.05,86.4,86.2
,,,,,,,,,41.07,86.4,86.2
,,,,,,,,,41.08,86.4,86.2
,,,,,,,,,41.10,86.4,86.2
,,,,,,,,,41.12,86.4,86.2
,,,,,,,,,41.13,86.4,86.2
,,,,,,,,,41.15,86.4,86.2
,,,,,,,,,41.17,86.4,86.2
,,,,,,,,,41.18,86.4,86.2
,,,,,,,,,41.20,86.4,86.2
,,,,,,,,,41.22,86.4,86.2
,,,,,,,,,41.23,86.4,86.2
,,,,,,,,,41.25,86.4,86.2
,,,,,,,,,41.27,86.4,86.2
,,,,,,,,,41.28,86.4,86.2
,,,,,,,,,41.30,86.4,86.2
,,,,,,,,,41.32,86.4,86.2
,,,,,,,,,41.33,86.4,86.2
,,,,,,,,,41.35,86.4,86.2
,,,,,,,,,41.37,86.4,86.2
,,,,,,,,,41.38,86.4,86.2
,,,,,,,,,41.40,86.4,86.2
,,,,,,,,,41.42,86.4,86.2
,,,,,,,,,41.43,86.4,86.2
,,,,,,,,,41.45,86.4,86.2
,,,,,,,,,41.47,86.4,86.2
,,,,,,,,,41.48,86.4,86.2
,,,,,,,,,41.50,86.4,86.2
,,,,,,,,,41.52,86.4,86.2
,,,,,,,,,41.53,86.4,86.2
,,,,,,,,,41.55,86.4,86.2
,,,,,,,,,41.57,86.4,86.3
,,,,,,,,,41.58,86.4,86.3
,,,,,,,,,41.60,86.4,86.3
,,,,,,,,,41.62,86.4,86.3
,,,,,,,,,41.63,86.4,86.3
,,,,,,,,,41.65,86.5,86.3
,,,,,,,,,41.67,86.5,86.3
,,,,,,,,,41.68,86.4,86.3
,,,,,,,,,41.70,86.5,86.3
,,,,,,,,,41.72,86.4,86.3
,,,,,,,,,41.73,86.5,86.3
,,,,,,,,,41.75,86.5,86.3
,,,,,,,,,41.77,86.5,86.3
,,,,,,,,,41.78,86.5,86.3
,,,,,,,,,41.80,86.5,86.3
,,,,,,,,,41.82,86.5,86.3
,,,,,,,,,41.83,86.5,86.3
,,,,,,,,,41.85,86.5,86.3
,,,,,,,,,41.87,86.5,86.3
,,,,,,,,,41.88,86.5,86.3
,,,,,,,,,41.90,86.5,86.3
,,,,,,,,,41.92,86.5,86.3
,,,,,,,,,41.93,86.5,86.3
,,,,,,,,,41.95,86.5,86.3
,,,,,,,,,41.97,86.5,86.3
,,,,,,,,,41.98,86.6,86.3
,,,,,,,,,42.00,86.6,86.3
,,,,,,,,,42.02,86.6,86.3
,,,,,,,,,42.03,86.6,86.3
,,,,,,,,,42.05,86.6,86.4
,,,,,,,,,42.07,86.6,86.4
,,,,,,,,,42.08,86.6,86.3
,,,,,,,,,42.10,86.6,86.3
,,,,,,,,,42.12,86.6,86.3
,,,,,,,,,42.13,86.6,86.4
,,,,,,,,,42.15,86.6,86.4
,,,,,,,,,42.17,86.6,86.4
,,,,,,,,,42.18,86.6,86.4
,,,,,,,,,42.20,86.6,86.4
,,,,,,,,,42.22,86.6,86.4
,,,,,,,,,42.23,86.6,86.4
,,,,,,,,,42.25,86.6,86.4
,,,,,,,,,42.27,86.6,86.4
,,,,,,,,,42.28,86.6,86.4
,,,,,,,,,42.30,86.6,86.4
,,,,,,,,,42.32,86.6,86.4
,,,,,,,,,42.33,86.6,86.4
,,,,,,,,,42.35,86.6,86.4
,,,,,,,,,42.37,86.7,86.4
,,,,,,,,,42.38,86.6,86.4
,,,,,,,,,42.40,86.7,86.4
,,,,,,,,,42.42,86.7,86.4
,,,,,,,,,42.43,86.7,86.4
,,,,,,,,,42.45,86.7,86.4
,,,,,,,,,42.47,86.7,86.4
,,,,,,,,,42.48,86.7,86.4
,,,,,,,,,42.50,86.7,86.5
,,,,,,,,,42.52,86.7,86.5
,,,,,,,,,42.53,86.7,86.4
,,,,,,,,,42.55,86.7,86.5
,,,,,,,,,42.57,86.7,86.5
,,,,,,,,,42.58,86.7,86.5
,,,,,,,,,42.60,86.8,86.5
,,,,,,,,,42.62,86.8,86.4
,,,,,,,,,42.63,86.8,86.5
,,,,,,,,,42.65,86.8,86.5
,,,,,,,,,42.67,86.8,86.5
,,,,,,,,,42.68,86.7,86.5
,,,,,,,,,42.70,86.7,86.5
,,,,,,,,,42.72,86.7,86.5
,,,,,,,,,42.73,86.7,86.5
,,,,,,,,,42.75,86.7,86.5
,,,,,,,,,42.77,86.7,86.5
,,,,,,,,,42.78,86.7,86.5
,,,,,,,,,42.80,86.7,86.5
,,,,,,,,,42.82,86.6,86.5
,,,,,,,,,42.83,86.6,86.5
,,,,,,,,,42.85,86.6,86.5
,,,,,,,,,42.87,86.6,86.5
,,,,,,,,,42.88,86.6,86.5
,,,,,,,,,42.90,86.6,86.5
,,,,,,,,,42.92,86.6,86.5
,,,,,,,,,42.93,86.6,86.5
,,,,,,,,,42.95,86.6,86.5
,,,,,,,,,42.97,86.6,86.5
,,,,,,,,,42.98,86.6,86.5
,,,,,,,,,43.00,86.6,86.5
,,,,,,,,,43.02,86.6,86.5
,,,,,,,,,43.03,86.6,86.5
,,,,,,,,,43.05,86.6,86.4
,,,,,,,,,43.07,86.6,86.4
,,,,,,,,,43.08,86.6,86.4
,,,,,,,,,43.10,86.6,86.4
,,,,,,,,,43.12,86.6,86.4
,,,,,,,,,43.13,86.6,86.5
,,,,,,,,,43.15,86.6,86.4
,,,,,,,,,43.17,86.6,86.4
,,,,,,,,,43.18,86.6,86.4
,,,,,,,,,43.20,86.6,86.4
,,,,,,,,,43.22,86.6,86.3
,,,,,,,,,43.23,86.7,86.3
,,,,,,,,,43.25,86.7,86.3
,,,,,,,,,43.27,86.7,86.3
,,,,,,,,,43.28,86.7,86.3
,,,,,,,,,43.30,86.7,86.3
,,,,,,,,,43.32,86.7,86.3
,,,,,,,,,43.33,86.6,86.3
,,,,,,,,,43.35,86.7,86.3
,,,,,,,,,43.37,86.6,86.3
,,,,,,,,,43.38,86.7,86.3
,,,,,,,,,43.40,86.7,86.3
,,,,,,,,,43.42,86.7,86.4
,,,,,,,,,43.43,86.7,86.4
,,,,,,,,,43.45,86.7,86.4
,,,,,,,,,43.47,86.7,86.4
,,,,,,,,,43.48,86.7,86.4
,,,,,,,,,43.50,86.7,86.4
,,,,,,,,,43.52,86.7,86.4
,,,,,,,,,43.53,86.8,86.4
,,,,,,,,,43.55,86.8,86.4
,,,,,,,,,43.57,86.8,86.4
,,,,,,,,,43.58,86.8,86.4
,,,,,,,,,43.60,86.8,86.4
,,,,,,,,,43.62,86.8,86.5
,,,,,,,,,43.63,86.8,86.5
,,,,,,,,,43.65,86.8,86.5
,,,,,,,,,43.67,86.8,86.5
,,,,,,,,,43.68,86.8,86.5
,,,,,,,,,43.70,86.9,86.5
,,,,,,,,,43.72,86.9,86.5
,,,,,,,,,43.73,86.9,86.5
,,,,,,,,,43.75,86.9,86.5
,,,,,,,,,43.77,86.9,86.5
,,,,,,,,,43.78,86.9,86.6
,,,,,,,,,43.80,86.9,86.5
,,,,,,,,,43.82,86.9,86.5
,,,,,,,,,43.83,86.9,86.5
,,,,,,,,,43.85,86.9,86.6
,,,,,,,,,43.87,86.9,86.6
,,,,,,,,,43.88,86.9,86.6
,,,,,,,,,43.90,86.9,86.6
,,,,,,,,,43.92,86.9,86.6
,,,,,,,,,43.93,86.9,86.6
,,,,,,,,,43.95,86.9,86.6
,,,,,,,,,43.97,86.9,86.6
,,,,,,,,,43.98,86.9,86.6
,,,,,,,,,44.00,86.9,86.6
,,,,,,,,,44.02,86.9,86.6
,,,,,,,,,44.03,86.9,86.6
,,,,,,,,,44.05,86.9,86.6
,,,,,,,,,44.07,87.0,86.6
,,,,,,,,,44.08,86.9,86.6
,,,,,,,,,44.10,87.0,86.7
,,,,,,,,,44.12,87.0,86.7
,,,,,,,,,44.13,87.0,86.7
,,,,,,,,,44.15,87.0,86.7
,,,,,,,,,44.17,87.0,86.7
,,,,,,,,,44.18,87.0,86.7
,,,,,,,,,44.20,87.0,86.7
,,,,,,,,,44.22,87.0,86.7
,,,,,,,,,44.23,87.0,86.7
,,,,,,,,,44.25,87.0,86.7
,,,,,,,,,44.27,87.0,86.7
,,,,,,,,,44.28,87.0,86.7
,,,,,,,,,44.30,87.0,86.7
,,,,,,,,,44.32,87.1,86.7
,,,,,,,,,44.33,87.0,86.7
,,,,,,,,,44.35,87.0,86.7
,,,,,,,,,44.37,87.0,86.7
,,,,,,,,,44.38,87.0,86.6
,,,,,,,,,44.40,87.1,86.7
,,,,,,,,,44.42,87.0,86.7
,,,,,,,,,44.43,87.0,86.6
,,,,,,,,,44.45,87.0,86.7
,,,,,,,,,44.47,87.1,86.7
,,,,,,,,,44.48,87.0,86.7
,,,,,,,,,44.50,87.1,86.6
,,,,,,,,,44.52,87.0,86.6
,,,,,,,,,44.53,87.0,86.6
,,,,,,,,,44.55,87.0,86.7
,,,,,,,,,44.57,87.0,86.7
,,,,,,,,,44.58,87.0,86.7
,,,,,,,,,44.60,87.1,86.7
,,,,,,,,,44.62,87.0,86.7
,,,,,,,,,44.63,87.0,86.7
,,,,,,,,,44.65,87.0,86.7
,,,,,,,,,44.67,87.1,86.7
,,,,,,,,,44.68,87.0,86.7
,,,,,,,,,44.70,87.0,86.7
,,,,,,,,,44.72,87.1,86.7
,,,,,,,,,44.73,87.1,86.7
,,,,,,,,,44.75,87.1,86.7
,,,,,,,,,44.77,87.1,86.7
,,,,,,,,,44.78,87.1,86.7
,,,,,,,,,44.80,87.1,86.7
,,,,,,,,,44.82,87.1,86.7
,,,,,,,,,44.83,87.1,86.7
,,,,,,,,,44.85,87.1,86.7
,,,,,,,,,44.87,87.1,86.7
,,,,,,,,,44.88,87.1,86.7
,,,,,,,,,44.90,87.1,86.7
,,,,,,,,,44.92,87.1,86.7
,,,,,,,,,44.93,87.1,86.7
,,,,,,,,,44.95,87.1,86.7
,,,,,,,,,44.97,87.1,86.7
,,,,,,,,,44.98,87.1,86.7
,,,,,,,,,45.00,87.1,86.7
,,,,,,,,,45.02,87.1,86.7
,,,,,,,,,45.03,87.1,86.7
,,,,,,,,,45.05,87.1,86.7
,,,,,,,,,45.07,87.1,86.7
,,,,,,,,,45.08,87.1,86.7
,,,,,,,,,45.10,87.1,86.7
,,,,,,,,,45.12,87.1,86.7
,,,,,,,,,45.13,87.1,86.7
,,,,,,,,,45.15,87.1,86.7
,,,,,,,,,45.17,87.1,86.7
,,,,,,,,,45.18,87.1,86.7
,,,,,,,,,45.20,87.1,86.7
,,,,,,,,,45.22,87.1,86.7
,,,,,,,,,45.23,87.1,86.7
,,,,,,,,,45.25,87.1,86.7
,,,,,,,,,45.27,87.1,86.7
,,,,,,,,,45.28,87.1,86.7
,,,,,,,,,45.30,87.1,86.7
,,,,,,,,,45.32,87.1,86.7
,,,,,,,,,45.33,87.1,86.7
,,,,,,,,,45.35,87.1,86.7
,,,,,,,,,45.37,87.1,86.7
,,,,,,,,,45.38,87.1,86.7
,,,,,,,,,45.40,87.1,86.8
,,,,,,,,,45.42,87.1,86.7
,,,,,,,,,45.43,87.1,86.7
,,,,,,,,,45.45,87.1,86.7
,,,,,,,,,45.47,87.1,86.7
,,,,,,,,,45.48,87.1,86.7
,,,,,,,,,45.50,87.1,86.7
,,,,,,,,,45.52,87.1,86.7
,,,,,,,,,45.53,87.1,86.7
,,,,,,,,,45.55,87.1,86.7
,,,,,,,,,45.57,87.1,86.7
,,,,,,,,,45.58,87.1,86.7
,,,,,,,,,45.60,87.1,86.7
,,,,,,,,,45.62,87.1,86.7
,,,,,,,,,45.63,87.1,86.7
,,,,,,,,,45.65,87.1,86.8
,,,,,,,,,45.67,87.1,86.7
,,,,,,,,,45.68,87.1,86.8
,,,,,,,,,45.70,87.1,86.7
,,,,,,,,,45.72,87.1,86.7
,,,,,,,,,45.73,87.1,86.7
,,,,,,,,,45.75,87.1,86.7
,,,,,,,,,45.77,87.1,86.7
,,,,,,,,,45.78,87.1,86.7
,,,,,,,,,45.80,87.1,86.7
,,,,,,,,,45.82,87.1,86.7
,,,,,,,,,45.83,87.0,86.7
,,,,,,,,,45.85,87.1,86.7
,,,,,,,,,45.87,87.1,86.7
,,,,,,,,,45.88,87.1,86.7
,,,,,,,,,45.90,87.1,86.7
,,,,,,,,,45.92,87.1,86.7
,,,,,,,,,45.93,87.1,86.7
,,,,,,,,,45.95,87.1,86.8
,,,,,,,,,45.97,87.1,86.7
,,,,,,,,,45.98,87.1,86.7
,,,,,,,,,46.00,87.1,86.7
,,,,,,,,,46.02,87.1,86.7
,,,,,,,,,46.03,87.1,86.7
,,,,,,,,,46.05,87.1,86.7
,,,,,,,,,46.07,87.1,86.7
,,,,,,,,,46.08,87.1,86.7
,,,,,,,,,46.10,87.0,86.7
,,,,,,,,,46.12,87.0,86.7
,,,,,,,,,46.13,87.0,86.7
,,,,,,,,,46.15,87.0,86.7
,,,,,,,,,46.17,87.1,86.7
,,,,,,,,,46.18,87.0,86.7
,,,,,,,,,46.20,87.1,86.7
,,,,,,,,,46.22,87.0,86.7
,,,,,,,,,46.23,87.0,86.7
,,,,,,,,,46.25,87.0,86.7
,,,,,,,,,46.27,87.0,86.7
,,,,,,,,,46.28,87.0,86.7
,,,,,,,,,46.30,87.0,86.7
,,,,,,,,,46.32,87.0,86.7
,,,,,,,,,46.33,87.0,86.7
,,,,,,,,,46.35,87.0,86.7
,,,,,,,,,46.37,87.0,86.7
,,,,,,,,,46.38,87.0,86.7
,,,,,,,,,46.40,87.0,86.7
,,,,,,,,,46.42,87.0,86.7
,,,,,,,,,46.43,87.0,86.7
,,,,,,,,,46.45,87.0,86.7
,,,,,,,,,46.47,87.0,86.7
,,,,,,,,,46.48,87.0,86.7
,,,,,,,,,46.50,87.0,86.7
,,,,,,,,,46.52,87.0,86.7
,,,,,,,,,46.53,87.0,86.7
,,,,,,,,,46.55,87.0,86.7
,,,,,,,,,46.57,87.0,86.7
,,,,,,,,,46.58,87.0,86.7
,,,,,,,,,46.60,87.0,86.7
,,,,,,,,,46.62,87.0,86.7
,,,,,,,,,46.63,87.0,86.7
,,,,,,,,,46.65,87.0,86.7
,,,,,,,,,46.67,87.0,86.7
,,,,,,,,,46.68,87.0,86.7
,,,,,,,,,46.70,87.0,86.7
,,,,,,,,,46.72,87.0,86.7
,,,,,,,,,46.73,87.0,86.7
,,,,,,,,,46.75,87.0,86.7
,,,,,,,,,46.77,87.0,86.7
,,,,,,,,,46.78,87.0,86.7
,,,,,,,,,46.80,87.0,86.7
,,,,,,,,,46.82,87.0,86.7
,,,,,,,,,46.83,87.0,86.7
,,,,,,,,,46.85,87.0,86.7
,,,,,,,,,46.87,87.0,86.7
,,,,,,,,,46.88,87.0,86.7
,,,,,,,,,46.90,87.0,86.7
,,,,,,,,,46.92,87.0,86.7
,,,,,,,,,46.93,87.0,86.7
,,,,,,,,,46.95,87.0,86.6
,,,,,,,,,46.97,87.0,86.7
,,,,,,,,,46.98,87.0,86.7
,,,,,,,,,47.00,87.0,86.6
,,,,,,,,,47.02,87.0,86.6
,,,,,,,,,47.03,87.0,86.6
,,,,,,,,,47.05,87.0,86.6
,,,,,,,,,47.07,87.0,86.6
,,,,,,,,,47.08,87.0,86.6
,,,,,,,,,47.10,87.0,86.6
,,,,,,,,,47.12,87.0,86.6
,,,,,,,,,47.13,87.0,86.6
,,,,,,,,,47.15,87.0,86.6
,,,,,,,,,47.17,87.0,86.7
,,,,,,,,,47.18,87.0,86.6
,,,,,,,,,47.20,87.0,86.6
,,,,,,,,,47.22,87.0,86.6
,,,,,,,,,47.23,87.0,86.6
,,,,,,,,,47.25,87.0,86.6
,,,,,,,,,47.27,87.0,86.6
,,,,,,,,,47.28,87.0,86.6
,,,,,,,,,47.30,87.0,86.6
,,,,,,,,,47.32,87.0,86.6
,,,,,,,,,47.33,87.0,86.6
,,,,,,,,,47.35,87.0,86.6
,,,,,,,,,47.37,87.0,86.6
,,,,,,,,,47.38,87.0,86.6
,,,,,,,,,47.40,87.0,86.6
,,,,,,,,,47.42,87.0,86.6
,,,,,,,,,47.43,87.0,86.6
,,,,,,,,,47.45,87.0,86.6
,,,,,,,,,47.47,87.0,86.6
,,,,,,,,,47.48,87.0,86.6
,,,,,,,,,47.50,87.0,86.6
,,,,,,,,,47.52,87.0,86.6
,,,,,,,,,47.53,87.0,86.5
,,,,,,,,,47.55,87.0,86.5
,,,,,,,,,47.57,87.0,86.5
,,,,,,,,,47.58,87.0,86.5
,,,,,,,,,47.60,87.0,86.5
,,,,,,,,,47.62,87.0,86.5
,,,,,,,,,47.63,87.0,86.5
,,,,,,,,,47.65,87.0,86.5
,,,,,,,,,47.67,87.0,86.5
,,,,,,,,,47.68,87.0,86.5
,,,,,,,,,47.70,86.9,86.5
,,,,,,,,,47.72,86.9,86.5
,,,,,,,,,47.73,86.9,86.5
,,,,,,,,,47.75,86.9,86.5
,,,,,,,,,47.77,86.9,86.5
,,,,,,,,,47.78,86.9,86.5
,,,,,,,,,47.80,86.9,86.5
,,,,,,,,,47.82,86.9,86.5
,,,,,,,,,47.83,86.9,86.5
,,,,,,,,,47.85,86.9,86.5
,,,,,,,,,47.87,86.9,86.5
,,,,,,,,,47.88,86.9,86.5
,,,,,,,,,47.90,86.9,86.5
,,,,,,,,,47.92,86.9,86.5
,,,,,,,,,47.93,86.9,86.5
,,,,,,,,,47.95,86.9,86.5
,,,,,,,,,47.97,86.9,86.5
,,,,,,,,,47.98,86.9,86.5
,,,,,,,,,48.00,86.9,86.5
,,,,,,,,,48.02,86.9,86.5
,,,,,,,,,48.03,86.9,86.5
,,,,,,,,,48.05,86.9,86.5
,,,,,,,,,48.07,86.9,86.5
,,,,,,,,,48.08,86.9,86.5
,,,,,,,,,48.10,86.9,86.5
,,,,,,,,,48.12,86.9,86.5
,,,,,,,,,48.13,86.9,86.5
,,,,,,,,,48.15,86.9,86.5
,,,,,,,,,48.17,86.9,86.5
,,,,,,,,,48.18,87.0,86.5
,,,,,,,,,48.20,86.9,86.5
,,,,,,,,,48.22,87.0,86.5
,,,,,,,,,48.23,87.0,86.5
,,,,,,,,,48.25,87.0,86.5
,,,,,,,,,48.27,87.0,86.5
,,,,,,,,,48.28,87.0,86.5
,,,,,,,,,48.30,87.0,86.5
,,,,,,,,,48.32,87.0,86.5
,,,,,,,,,48.33,87.0,86.5
,,,,,,,,,48.35,87.0,86.5
,,,,,,,,,48.37,87.0,86.5
,,,,,,,,,48.38,87.0,86.5
,,,,,,,,,48.40,87.0,86.5
,,,,,,,,,48.42,87.0,86.5
,,,,,,,,,48.43,87.0,86.5
,,,,,,,,,48.45,86.9,86.5
,,,,,,,,,48.47,87.0,86.5
,,,,,,,,,48.48,87.0,86.5
,,,,,,,,,48.50,86.9,86.5
,,,,,,,,,48.52,86.9,86.5
,,,,,,,,,48.53,86.9,86.5
,,,,,,,,,48.55,86.9,86.5
,,,,,,,,,48.57,86.9,86.5
,,,,,,,,,48.58,86.9,86.5
,,,,,,,,,48.60,86.9,86.5
,,,,,,,,,48.62,86.9,86.5
,,,,,,,,,48.63,86.9,86.5
,,,,,,,,,48.65,86.9,86.5
,,,,,,,,,48.67,86.9,86.5
,,,,,,,,,48.68,86.9,86.5
,,,,,,,,,48.70,86.9,86.5
,,,,,,,,,48.72,86.9,86.5
,,,,,,,,,48.73,86.9,86.5
,,,,,,,,,48.75,86.9,86.5
,,,,,,,,,48.77,86.9,86.4
,,,,,,,,,48.78,86.9,86.5
,,,,,,,,,48.80,86.9,86.5
,,,,,,,,,48.82,86.9,86.5
,,,,,,,,,48.83,86.9,86.4
,,,,,,,,,48.85,86.9,86.4
,,,,,,,,,48.87,86.9,86.4
,,,,,,,,,48.88,86.9,86.4
,,,,,,,,,48.90,86.9,86.4
,,,,,,,,,48.92,86.9,86.4
,,,,,,,,,48.93,86.9,86.4
,,,,,,,,,48.95,86.9,86.4
,,,,,,,,,48.97,86.9,86.4
,,,,,,,,,48.98,86.9,86.4
,,,,,,,,,49.00,86.9,86.4
,,,,,,,,,49.02,86.9,86.4
,,,,,,,,,49.03,86.9,86.4
,,,,,,,,,49.05,86.9,86.4
,,,,,,,,,49.07,86.9,86.4
,,,,,,,,,49.08,86.9,86.4
,,,,,,,,,49.10,86.9,86.4
,,,,,,,,,49.12,86.9,86.4
,,,,,,,,,49.13,86.9,86.4
,,,,,,,,,49.15,86.9,86.4
,,,,,,,,,49.17,86.9,86.4
,,,,,,,,,49.18,86.9,86.4
,,,,,,,,,49.20,86.9,86.4
,,,,,,,,,49.22,86.9,86.4
,,,,,,,,,49.23,86.9,86.4
,,,,,,,,,49.25,86.9,86.4
,,,,,,,,,49.27,86.9,86.4
,,,,,,,,,49.28,86.9,86.5
,,,,,,,,,49.30,86.9,86.4
,,,,,,,,,49.32,86.8,86.4
,,,,,,,,,49.33,86.9,86.4
,,,,,,,,,49.35,86.9,86.3
,,,,,,,,,49.37,86.9,86.4
,,,,,,,,,49.38,86.9,86.4
,,,,,,,,,49.40,86.9,86.3
,,,,,,,,,49.42,86.8,86.3
,,,,,,,,,49.43,86.8,86.3
,,,,,,,,,49.45,86.8,86.3
,,,,,,,,,49.47,86.9,86.3
,,,,,,,,,49.48,86.8,86.3
,,,,,,,,,49.50,86.8,86.3
,,,,,,,,,49.52,86.8,86.3
,,,,,,,,,49.53,86.8,86.3
,,,,,,,,,49.55,86.8,86.3
,,,,,,,,,49.57,86.8,86.3
,,,,,,,,,49.58,86.8,86.3
,,,,,,,,,49.60,86.8,86.3
,,,,,,,,,49.62,86.8,86.3
,,,,,,,,,49.63,86.8,86.3
,,,,,,,,,49.65,86.9,86.3
,,,,,,,,,49.67,86.9,86.3
,,,,,,,,,49.68,86.8,86.3
,,,,,,,,,49.70,86.9,86.3
,,,,,,,,,49.72,86.8,86.3
,,,,,,,,,49.73,86.8,86.3
,,,,,,,,,49.75,86.8,86.3
,,,,,,,,,49.77,86.8,86.3
,,,,,,,,,49.78,86.9,86.3
,,,,,,,,,49.80,86.9,86.3
,,,,,,,,,49.82,86.8,86.3
,,,,,,,,,49.83,86.8,86.3
,,,,,,,,,49.85,86.4,85.8
,,,,,,,,,49.87,85.9,85.4
,,,,,,,,,49.88,85.5,84.9
,,,,,,,,,49.90,85.1,84.5
,,,,,,,,,49.92,84.8,84.1
,,,,,,,,,49.93,84.5,83.9
,,,,,,,,,49.95,84.2,83.6
,,,,,,,,,49.97,83.8,83.3
,,,,,,,,,49.98,83.6,83.0
,,,,,,,,,50.00,83.4,82.8
,,,,,,,,,50.02,83.1,82.7
,,,,,,,,,50.03,82.9,82.5
,,,,,,,,,50.05,82.6,82.4
,,,,,,,,,50.07,82.5,82.2
,,,,,,,,,50.08,82.4,82.1
,,,,,,,,,50.10,82.2,82.0
,,,,,,,,,50.12,82.0,81.9
,,,,,,,,,50.13,81.8,81.8
,,,,,,,,,50.15,81.6,81.7
,,,,,,,,,50.17,81.5,81.6
,,,,,,,,,50.18,81.3,81.6
,,,,,,,,,50.20,81.2,81.5
,,,,,,,,,50.22,81.0,81.6
,,,,,,,,,50.23,81.0,81.5
,,,,,,,,,50.25,81.0,81.5
,,,,,,,,,50.27,80.9,81.5
,,,,,,,,,50.28,80.8,81.4
,,,,,,,,,50.30,80.7,81.4
,,,,,,,,,50.32,80.5,81.4
,,,,,,,,,50.33,80.4,81.4
,,,,,,,,,50.35,80.3,81.2
,,,,,,,,,50.37,80.1,81.2
,,,,,,,,,50.38,80.1,81.2
,,,,,,,,,50.40,80.0,81.2
,,,,,,,,,50.42,79.9,81.1
,,,,,,,,,50.43,79.8,81.1
,,,,,,,,,50.45,79.8,80.9
,,,,,,,,,50.47,79.7,80.9
,,,,,,,,,50.48,79.8,80.7
,,,,,,,,,50.50,79.8,80.7
,,,,,,,,,50.52,79.8,80.7
,,,,,,,,,50.53,79.8,80.6
,,,,,,,,,50.55,79.8,80.6
,,,,,,,,,50.57,79.8,80.5
,,,,,,,,,50.58,79.8,80.5
,,,,,,,,,50.60,79.8,80.5
,,,,,,,,,50.62,79.8,80.5
,,,,,,,,,50.63,79.8,80.5
,,,,,,,,,50.65,79.8,80.4
,,,,,,,,,50.67,79.8,80.4
,,,,,,,,,50.68,79.8,80.3
,,,,,,,,,50.70,79.8,80.3
,,,,,,,,,50.72,79.7,80.3
,,,,,,,,,50.73,79.6,80.2
,,,,,,,,,50.75,79.6,80.2
,,,,,,,,,50.77,79.5,80.2
,,,,,,,,,50.78,79.5,80.0
,,,,,,,,,50.80,79.5,80.0
,,,,,,,,,50.82,79.5,80.0
,,,,,,,,,50.83,79.5,79.9
,,,,,,,,,50.85,79.5,79.8
,,,,,,,,,50.87,79.5,79.8
,,,,,,,,,50.88,79.4,79.8
,,,,,,,,,50.90,79.4,79.8
,,,,,,,,,50.92,79.3,79.8
,,,,,,,,,50.93,79.2,79.7
,,,,,,,,,50.95,79.2,79.6
,,,,,,,,,50.97,79.1,79.5
,,,,,,,,,50.98,79.0,79.4
,,,,,,,,,51.00,78.9,79.2
,,,,,,,,,51.02,78.9,79.2
,,,,,,,,,51.03,78.8,79.1
,,,,,,,,,51.05,78.7,79.1
,,,,,,,,,51.07,78.6,79.0
,,,,,,,,,51.08,78.6,78.9
,,,,,,,,,51.10,78.5,78.9
,,,,,,,,,51.12,78.4,78.8
,,,,,,,,,51.13,78.3,78.7
,,,,,,,,,51.15,78.2,78.6
,,,,,,,,,51.17,78.1,78.5
,,,,,,,,,51.18,77.9,78.4
,,,,,,,,,51.20,77.8,78.3
,,,,,,,,,51.22,77.7,78.3
,,,,,,,,,51.23,77.6,78.2
,,,,,,,,,51.25,77.5,78.3
,,,,,,,,,51.27,77.3,78.2
,,,,,,,,,51.28,77.2,78.2
,,,,,,,,,51.30,77.1,78.2
,,,,,,,,,51.32,77.1,78.1
,,,,,,,,,51.33,77.0,78.1
,,,,,,,,,51.35,77.0,78.0
,,,,,,,,,51.37,76.9,78.0
,,,,,,,,,51.38,76.9,78.0
,,,,,,,,,51.40,76.9,77.9
,,,,,,,,,51.42,77.0,77.8
,,,,,,,,,51.43,77.0,77.7
,,,,,,,,,51.45,77.0,77.6
,,,,,,,,,51.47,77.0,77.6
,,,,,,,,,51.48,76.9,77.6
,,,,,,,,,51.50,76.9,77.6
,,,,,,,,,51.52,76.8,77.6
,,,,,,,,,51.53,76.8,77.6
,,,,,,,,,51.55,76.8,77.6
,,,,,,,,,51.57,76.8,77.7
,,,,,,,,,51.58,76.7,77.8
,,,,,,,,,51.60,76.6,77.8
,,,,,,,,,51.62,76.5,77.8
,,,,,,,,,51.63,76.5,77.8
,,,,,,,,,51.65,76.4,77.9
,,,,,,,,,51.67,76.3,77.9
,,,,,,,,,51.68,76.3,78.0
,,,,,,,,,51.70,76.3,78.0
,,,,,,,,,51.72,76.4,78.0
,,,,,,,,,51.73,76.4,78.0
,,,,,,,,,51.75,76.4,78.0
,,,,,,,,,51.77,76.4,78.0
,,,,,,,,,51.78,76.4,78.0
,,,,,,,,,51.80,76.4,77.9
,,,,,,,,,51.82,76.5,77.9
,,,,,,,,,51.83,76.5,77.9
,,,,,,,,,51.85,76.5,77.9
,,,,,,,,,51.87,76.5,78.0
,,,,,,,,,51.88,76.5,77.9
,,,,,,,,,51.90,76.5,77.9
,,,,,,,,,51.92,76.5,77.8
,,,,,,,,,51.93,76.5,77.9
,,,,,,,,,51.95,76.5,77.9
,,,,,,,,,51.97,76.6,77.8
,,,,,,,,,51.98,76.6,77.9
,,,,,,,,,52.00,76.6,77.9
,,,,,,,,,52.02,76.6,77.9
,,,,,,,,,52.03,76.6,77.9
,,,,,,,,,52.05,76.6,77.9
,,,,,,,,,52.07,76.5,77.8
,,,,,,,,,52.08,76.5,77.8
,,,,,,,,,52.10,76.5,77.8
,,,,,,,,,52.12,76.6,77.8
,,,,,,,,,52.13,76.6,77.8
,,,,,,,,,52.15,76.6,77.6
,,,,,,,,,52.17,76.6,77.6
,,,,,,,,,52.18,76.6,77.6
,,,,,,,,,52.20,76.7,77.6
,,,,,,,,,52.22,76.7,77.6
,,,,,,,,,52.23,76.7,77.6
,,,,,,,,,52.25,76.7,77.5
,,,,,,,,,52.27,76.7,77.5
,,,,,,,,,52.28,76.7,77.4
,,,,,,,,,52.30,76.7,77.4
,,,,,,,,,52.32,76.7,77.3
,,,,,,,,,52.33,76.6,77.3
,,,,,,,,,52.35,76.6,77.2
,,,,,,,,,52.37,76.5,77.2
,,,,,,,,,52.38,76.5,77.1
,,,,,,,,,52.40,76.6,77.1
,,,,,,,,,52.42,76.6,77.1
,,,,,,,,,52.43,76.5,77.1
,,,,,,,,,52.45,76.5,77.1
,,,,,,,,,52.47,76.5,77.1
,,,,,,,,,52.48,76.6,77.1
,,,,,,,,,52.50,76.6,77.1
,,,,,,,,,52.52,76.5,77.1
,,,,,,,,,52.53,76.5,77.1
,,,,,,,,,52.55,76.5,77.1
,,,,,,,,,52.57,76.5,77.1
,,,,,,,,,52.58,76.5,77.1
,,,,,,,,,52.60,76.5,77.1
,,,,,,,,,52.62,76.4,77.1
,,,,,,,,,52.63,76.4,77.1
,,,,,,,,,52.65,76.4,77.0
,,,,,,,,,52.67,76.4,77.0
,,,,,,,,,52.68,76.3,77.0
,,,,,,,,,52.70,76.3,77.0
,,,,,,,,,52.72,76.3,77.0
,,,,,,,,,52.73,76.2,76.8
,,,,,,,,,52.75,76.2,76.8
,,,,,,,,,52.77,76.2,76.7
,,,,,,,,,52.78,76.1,76.5
,,,,,,,,,52.80,76.1,76.5
,,,,,,,,,52.82,76.0,76.4
,,,,,,,,,52.83,76.0,76.4
,,,,,,,,,52.85,76.0,76.3
,,,,,,,,,52.87,76.0,76.3
,,,,,,,,,52.88,75.9,76.3
,,,,,,,,,52.90,75.9,76.2
,,,,,,,,,52.92,75.8,76.2
,,,,,,,,,52.93,75.8,76.2
,,,,,,,,,52.95,75.8,76.2
,,,,,,,,,52.97,75.7,76.2
,,,,,,,,,52.98,75.7,76.3
,,,,,,,,,53.00,75.8,76.3
,,,,,,,,,53.02,75.7,76.3
,,,,,,,,,53.03,75.7,76.3
,,,,,,,,,53.05,75.7,76.3
,,,,,,,,,53.07,75.7,76.2
,,,,,,,,,53.08,75.7,76.1
,,,,,,,,,53.10,75.7,76.1
,,,,,,,,,53.12,75.6,76.1
,,,,,,,,,53.13,75.6,76.0
,,,,,,,,,53.15,75.7,76.0
,,,,,,,,,53.17,75.7,76.0
,,,,,,,,,53.18,75.7,76.1
,,,,,,,,,53.20,75.7,76.0
,,,,,,,,,53.22,75.7,76.0
,,,,,,,,,53.23,75.7,76.1
,,,,,,,,,53.25,75.7,76.1
,,,,,,,,,53.27,75.7,76.1
,,,,,,,,,53.28,75.7,76.1
,,,,,,,,,53.30,75.7,76.1
,,,,,,,,,53.32,75.7,76.0
,,,,,,,,,53.33,75.6,76.1
,,,,,,,,,53.35,75.6,76.0
,,,,,,,,,53.37,75.6,76.0
,,,,,,,,,53.38,75.7,76.0
,,,,,,,,,53.40,75.7,76.0
,,,,,,,,,53.42,75.7,76.0
,,,,,,,,,53.43,75.7,75.9
,,,,,,,,,53.45,75.7,75.9
,,,,,,,,,53.47,75.7,75.9
,,,,,,,,,53.48,75.7,75.9
,,,,,,,,,53.50,75.6,75.9
,,,,,,,,,53.52,75.6,75.8
,,,,,,,,,53.53,75.6,75.8
,,,,,,,,,53.55,75.6,75.8
,,,,,,,,,53.57,75.6,75.7
,,,,,,,,,53.58,75.6,75.7
,,,,,,,,,53.60,75.6,75.7
,,,,,,,,,53.62,75.6,75.7
,,,,,,,,,53.63,75.6,75.7
,,,,,,,,,53.65,75.5,75.7
,,,,,,,,,53.67,75.5,75.7
,,,,,,,,,53.68,75.5,75.7
,,,,,,,,,53.70,75.5,75.7
,,,,,,,,,53.72,75.5,75.7
,,,,,,,,,53.73,75.5,75.7
,,,,,,,,,53.75,75.5,75.7
,,,,,,,,,53.77,75.5,75.6
,,,,,,,,,53.78,75.5,75.6
,,,,,,,,,53.80,75.5,75.6
,,,,,,,,,53.82,75.6,75.5
,,,,,,,,,53.83,75.5,75.5
,,,,,,,,,53.85,75.6,75.4
,,,,,,,,,53.87,75.5,75.4
,,,,,,,,,53.88,75.5,75.4
,,,,,,,,,53.90,75.5,75.4
,,,,,,,,,53.92,75.6,75.4
,,,,,,,,,53.93,75.6,75.4
,,,,,,,,,53.95,75.6,75.4
,,,,,,,,,53.97,75.5,75.4
,,,,,,,,,53.98,75.5,75.4
,,,,,,,,,54.00,75.5,75.4
,,,,,,,,,54.02,75.5,75.4
,,,,,,,,,54.03,75.5,75.4
,,,,,,,,,54.05,75.5,75.5
,,,,,,,,,54.07,75.5,75.5
,,,,,,,,,54.08,75.4,75.5
,,,,,,,,,54.10,75.4,75.6
,,,,,,,,,54.12,75.4,75.6
,,,,,,,,,54.13,75.4,75.6
,,,,,,,,,54.15,75.4,75.6
,,,,,,,,,54.17,75.4,75.6
,,,,,,,,,54.18,75.4,75.7
,,,,,,,,,54.20,75.4,75.7
,,,,,,,,,54.22,75.4,75.7
,,,,,,,,,54.23,75.4,75.7
,,,,,,,,,54.25,75.4,75.7
,,,,,,,,,54.27,75.4,75.7
,,,,,,,,,54.28,75.4,75.7
,,,,,,,,,54.30,75.4,75.7
,,,,,,,,,54.32,75.4,75.7
,,,,,,,,,54.33,75.4,75.6
,,,,,,,,,54.35,75.4,75.6
,,,,,,,,,54.37,75.4,75.6
,,,,,,,,,54.38,75.4,75.6
,,,,,,,,,54.40,75.4,75.5
,,,,,,,,,54.42,75.4,75.5
,,,,,,,,,54.43,75.4,75.4
,,,,,,,,,54.45,75.4,75.5
,,,,,,,,,54.47,75.4,75.4
,,,,,,,,,54.48,75.4,75.4
,,,,,,,,,54.50,75.4,75.4
,,,,,,,,,54.52,75.3,75.4
,,,,,,,,,54.53,75.3,75.4
,,,,,,,,,54.55,75.3,75.4
,,,,,,,,,54.57,75.2,75.4
,,,,,,,,,54.58,75.2,75.4
,,,,,,,,,54.60,75.2,75.4
,,,,,,,,,54.62,75.2,75.4
,,,,,,,,,54.63,75.1,75.4
,,,,,,,,,54.65,75.1,75.4
,,,,,,,,,54.67,75.1,75.5
,,,,,,,,,54.68,75.1,75.5
,,,,,,,,,54.70,75.1,75.4
,,,,,,,,,54.72,75.1,75.5
,,,,,,,,,54.73,75.1,75.5
,,,,,,,,,54.75,75.1,75.6
,,,,,,,,,54.77,75.1,75.5
,,,,,,,,,54.78,75.1,75.5
,,,,,,,,,54.80,75.1,75.6
,,,,,,,,,54.82,75.0,75.5
,,,,,,,,,54.83,75.0,75.4
,,,,,,,,,54.85,75.0,75.4
,,,,,,,,,54.87,75.0,75.4
,,,,,,,,,54.88,75.0,75.4
,,,,,,,,,54.90,75.0,75.4
,,,,,,,,,54.92,74.9,75.4
,,,,,,,,,54.93,74.9,75.4
,,,,,,,,,54.95,75.0,75.4
,,,,,,,,,54.97,74.9,75.4
,,,,,,,,,54.98,74.9,75.4
,,,,,,,,,55.00,75.0,75.4
,,,,,,,,,55.02,74.9,75.4
,,,,,,,,,55.03,74.9,75.4
,,,,,,,,,55.05,74.9,75.4
,,,,,,,,,55.07,74.9,75.4
,,,,,,,,,55.08,74.9,75.4
,,,,,,,,,55.10,74.9,75.4
,,,,,,,,,55.12,74.9,75.4
,,,,,,,,,55.13,74.9,75.4
,,,,,,,,,55.15,74.9,75.4
,,,,,,,,,55.17,74.9,75.4
,,,,,,,,,55.18,74.9,75.4
,,,,,,,,,55.20,74.8,75.4
,,,,,,,,,55.22,74.8,75.4
,,,,,,,,,55.23,74.8,75.4
,,,,,,,,,55.25,74.7,75.4
,,,,,,,,,55.27,74.7,75.3
,,,,,,,,,55.28,74.7,75.4
,,,,,,,,,55.30,74.7,75.4
,,,,,,,,,55.32,74.7,75.4
,,,,,,,,,55.33,74.6,75.4
,,,,,,,,,55.35,74.7,75.4
,,,,,,,,,55.37,74.6,75.3
,,,,,,,,,55.38,74.6,75.4
,,,,,,,,,55.40,74.6,75.3
,,,,,,,,,55.42,74.6,75.4
,,,,,,,,,55.43,74.6,75.4
,,,,,,,,,55.45,74.6,75.4
,,,,,,,,,55.47,74.6,75.4
,,,,,,,,,55.48,74.6,75.4
,,,,,,,,,55.50,74.5,75.4
,,,,,,,,,55.52,74.6,75.4
,,,,,,,,,55.53,74.6,75.4
,,,,,,,,,55.55,74.6,75.4
,,,,,,,,,55.57,74.6,75.4
,,,,,,,,,55.58,74.6,75.4
,,,,,,,,,55.60,74.6,75.3
,,,,,,,,,55.62,74.6,75.4
,,,,,,,,,55.63,74.6,75.4
,,,,,,,,,55.65,74.6,75.3
,,,,,,,,,55.67,74.7,75.3
,,,,,,,,,55.68,74.7,75.3
,,,,,,,,,55.70,74.7,75.3
,,,,,,,,,55.72,74.6,75.3
,,,,,,,,,55.73,74.6,75.3
,,,,,,,,,55.75,74.6,75.3
,,,,,,,,,55.77,74.5,75.3
,,,,,,,,,55.78,74.5,75.3
,,,,,,,,,55.80,74.4,75.3
,,,,,,,,,55.82,74.4,75.3
,,,,,,,,,55.83,74.4,75.2
,,,,,,,,,55.85,74.3,75.2
,,,,,,,,,55.87,74.3,75.2
,,,,,,,,,55.88,74.2,75.2
,,,,,,,,,55.90,74.3,75.2
,,,,,,,,,55.92,74.3,75.2
,,,,,,,,,55.93,74.2,75.2
,,,,,,,,,55.95,74.2,75.2
,,,,,,,,,55.97,74.2,75.2
,,,,,,,,,55.98,74.2,75.1
,,,,,,,,,56.00,74.2,75.1
,,,,,,,,,56.02,74.2,75.1
,,,,,,,,,56.03,74.2,75.1
,,,,,,,,,56.05,74.2,75.1
,,,,,,,,,56.07,74.2,75.1
,,,,,,,,,56.08,74.2,75.1
,,,,,,,,,56.10,74.2,75.1
,,,,,,,,,56.12,74.2,75.1
,,,,,,,,,56.13,74.2,75.1
,,,,,,,,,56.15,74.2,75.1
,,,,,,,,,56.17,74.2,75.1
,,,,,,,,,56.18,74.1,75.1
,,,,,,,,,56.20,74.2,75.1
,,,,,,,,,56.22,74.2,75.1
,,,,,,,,,56.23,74.1,75.1
,,,,,,,,,56.25,74.1,74.9
,,,,,,,,,56.27,74.1,74.9
,,,,,,,,,56.28,74.1,74.9
,,,,,,,,,56.30,74.1,74.9
,,,,,,,,,56.32,74.1,74.9
,,,,,,,,,56.33,74.1,74.9
,,,,,,,,,56.35,74.1,74.9
,,,,,,,,,56.37,74.1,74.9
,,,,,,,,,56.38,74.1,74.9
,,,,,,,,,56.40,74.0,74.9
,,,,,,,,,56.42,73.9,74.9
,,,,,,,,,56.43,73.9,74.9
,,,,,,,,,56.45,73.9,74.8
,,,,,,,,,56.47,73.8,74.8
,,,,,,,,,56.48,73.8,74.8
,,,,,,,,,56.50,73.8,74.7
,,,,,,,,,56.52,73.8,74.7
,,,,,,,,,56.53,73.8,74.7
,,,,,,,,,56.55,73.8,74.7
,,,,,,,,,56.57,73.8,74.8
,,,,,,,,,56.58,73.8,74.8
,,,,,,,,,56.60,73.8,74.8
,,,,,,,,,56.62,73.8,74.8
,,,,,,,,,56.63,73.9,74.8
,,,,,,,,,56.65,73.9,74.8
,,,,,,,,,56.67,73.9,74.8
,,,,,,,,,56.68,73.9,74.8
,,,,,,,,,56.70,73.9,74.8
,,,,,,,,,56.72,73.9,74.8
,,,,,,,,,56.73,73.9,74.7
,,,,,,,,,56.75,73.9,74.7
,,,,,,,,,56.77,73.9,74.6
,,,,,,,,,56.78,73.9,74.7
,,,,,,,,,56.80,73.9,74.6
,,,,,,,,,56.82,73.9,74.6
,,,,,,,,,56.83,73.9,74.6
,,,,,,,,,56.85,73.9,74.6
,,,,,,,,,56.87,73.9,74.6
,,,,,,,,,56.88,73.9,74.6
,,,,,,,,,56.90,73.9,74.6
,,,,,,,,,56.92,73.8,74.6
,,,,,,,,,56.93,73.8,74.5
,,,,,,,,,56.95,73.8,74.5
,,,,,,,,,56.97,73.8,74.5
,,,,,,,,,56.98,73.8,74.4
,,,,,,,,,57.00,73.8,74.4
,,,,,,,,,57.02,73.8,74.4
,,,,,,,,,57.03,73.8,74.4
,,,,,,,,,57.05,73.8,74.4
,,,,,,,,,57.07,73.8,74.5
,,,,,,,,,57.08,73.8,74.5